tarefa,n,k,threads,chunk,tempo
tarefa_a_seq,100000,20,1,NA,0.076937
tarefa_a_seq,100000,20,1,NA,0.078017
tarefa_a_seq,100000,20,1,NA,0.076541
tarefa_a_seq,100000,20,1,NA,0.076443
tarefa_a_seq,100000,20,1,NA,0.075479
tarefa_a_static,100000,20,1,NA,0.075666
tarefa_a_static,100000,20,1,NA,0.077165
tarefa_a_static,100000,20,1,NA,0.074662
tarefa_a_static,100000,20,1,NA,0.078176
tarefa_a_static,100000,20,1,NA,0.078313
tarefa_a_dynamic,100000,20,1,1,0.077938
tarefa_a_dynamic,100000,20,1,1,0.075193
tarefa_a_dynamic,100000,20,1,1,0.076440
tarefa_a_dynamic,100000,20,1,1,0.077051
tarefa_a_dynamic,100000,20,1,1,0.077479
tarefa_a_guided,100000,20,1,1,0.079563
tarefa_a_guided,100000,20,1,1,0.078654
tarefa_a_guided,100000,20,1,1,0.077490
tarefa_a_guided,100000,20,1,1,0.076663
tarefa_a_guided,100000,20,1,1,0.075015
tarefa_a_dynamic,100000,20,1,4,0.078126
tarefa_a_dynamic,100000,20,1,4,0.077380
tarefa_a_dynamic,100000,20,1,4,0.078103
tarefa_a_dynamic,100000,20,1,4,0.076566
tarefa_a_dynamic,100000,20,1,4,0.078970
tarefa_a_guided,100000,20,1,4,0.077051
tarefa_a_guided,100000,20,1,4,0.074113
tarefa_a_guided,100000,20,1,4,0.075833
tarefa_a_guided,100000,20,1,4,0.075925
tarefa_a_guided,100000,20,1,4,0.074676
tarefa_a_dynamic,100000,20,1,16,0.080384
tarefa_a_dynamic,100000,20,1,16,0.078178
tarefa_a_dynamic,100000,20,1,16,0.077522
tarefa_a_dynamic,100000,20,1,16,0.074204
tarefa_a_dynamic,100000,20,1,16,0.075595
tarefa_a_guided,100000,20,1,16,0.073325
tarefa_a_guided,100000,20,1,16,0.073554
tarefa_a_guided,100000,20,1,16,0.074570
tarefa_a_guided,100000,20,1,16,0.077686
tarefa_a_guided,100000,20,1,16,0.075063
tarefa_a_dynamic,100000,20,1,64,0.075370
tarefa_a_dynamic,100000,20,1,64,0.075430
tarefa_a_dynamic,100000,20,1,64,0.075096
tarefa_a_dynamic,100000,20,1,64,0.075979
tarefa_a_dynamic,100000,20,1,64,0.081252
tarefa_a_guided,100000,20,1,64,0.077696
tarefa_a_guided,100000,20,1,64,0.082603
tarefa_a_guided,100000,20,1,64,0.077601
tarefa_a_guided,100000,20,1,64,0.076112
tarefa_a_guided,100000,20,1,64,0.076587
tarefa_a_static,100000,20,2,NA,0.047869
tarefa_a_static,100000,20,2,NA,0.038849
tarefa_a_static,100000,20,2,NA,0.041465
tarefa_a_static,100000,20,2,NA,0.038325
tarefa_a_static,100000,20,2,NA,0.041346
tarefa_a_dynamic,100000,20,2,1,0.037718
tarefa_a_dynamic,100000,20,2,1,0.038254
tarefa_a_dynamic,100000,20,2,1,0.037635
tarefa_a_dynamic,100000,20,2,1,0.038576
tarefa_a_dynamic,100000,20,2,1,0.038576
tarefa_a_guided,100000,20,2,1,0.038759
tarefa_a_guided,100000,20,2,1,0.040351
tarefa_a_guided,100000,20,2,1,0.038117
tarefa_a_guided,100000,20,2,1,0.038248
tarefa_a_guided,100000,20,2,1,0.039086
tarefa_a_dynamic,100000,20,2,4,0.039786
tarefa_a_dynamic,100000,20,2,4,0.038628
tarefa_a_dynamic,100000,20,2,4,0.045736
tarefa_a_dynamic,100000,20,2,4,0.050927
tarefa_a_dynamic,100000,20,2,4,0.037845
tarefa_a_guided,100000,20,2,4,0.038581
tarefa_a_guided,100000,20,2,4,0.053997
tarefa_a_guided,100000,20,2,4,0.038203
tarefa_a_guided,100000,20,2,4,0.037874
tarefa_a_guided,100000,20,2,4,0.043995
tarefa_a_dynamic,100000,20,2,16,0.038772
tarefa_a_dynamic,100000,20,2,16,0.038822
tarefa_a_dynamic,100000,20,2,16,0.039435
tarefa_a_dynamic,100000,20,2,16,0.038711
tarefa_a_dynamic,100000,20,2,16,0.046226
tarefa_a_guided,100000,20,2,16,0.039858
tarefa_a_guided,100000,20,2,16,0.039760
tarefa_a_guided,100000,20,2,16,0.040075
tarefa_a_guided,100000,20,2,16,0.038435
tarefa_a_guided,100000,20,2,16,0.040607
tarefa_a_dynamic,100000,20,2,64,0.038287
tarefa_a_dynamic,100000,20,2,64,0.037766
tarefa_a_dynamic,100000,20,2,64,0.036912
tarefa_a_dynamic,100000,20,2,64,0.037632
tarefa_a_dynamic,100000,20,2,64,0.036684
tarefa_a_guided,100000,20,2,64,0.047097
tarefa_a_guided,100000,20,2,64,0.038017
tarefa_a_guided,100000,20,2,64,0.039632
tarefa_a_guided,100000,20,2,64,0.041237
tarefa_a_guided,100000,20,2,64,0.038894
tarefa_a_static,100000,20,4,NA,0.030816
tarefa_a_static,100000,20,4,NA,0.023648
tarefa_a_static,100000,20,4,NA,0.021139
tarefa_a_static,100000,20,4,NA,0.025280
tarefa_a_static,100000,20,4,NA,0.029661
tarefa_a_dynamic,100000,20,4,1,0.021270
tarefa_a_dynamic,100000,20,4,1,0.022657
tarefa_a_dynamic,100000,20,4,1,0.024506
tarefa_a_dynamic,100000,20,4,1,0.020628
tarefa_a_dynamic,100000,20,4,1,0.021083
tarefa_a_guided,100000,20,4,1,0.021164
tarefa_a_guided,100000,20,4,1,0.026291
tarefa_a_guided,100000,20,4,1,0.027934
tarefa_a_guided,100000,20,4,1,0.022417
tarefa_a_guided,100000,20,4,1,0.022673
tarefa_a_dynamic,100000,20,4,4,0.023152
tarefa_a_dynamic,100000,20,4,4,0.020860
tarefa_a_dynamic,100000,20,4,4,0.026313
tarefa_a_dynamic,100000,20,4,4,0.020413
tarefa_a_dynamic,100000,20,4,4,0.021116
tarefa_a_guided,100000,20,4,4,0.022997
tarefa_a_guided,100000,20,4,4,0.021104
tarefa_a_guided,100000,20,4,4,0.019820
tarefa_a_guided,100000,20,4,4,0.024896
tarefa_a_guided,100000,20,4,4,0.020914
tarefa_a_dynamic,100000,20,4,16,0.021242
tarefa_a_dynamic,100000,20,4,16,0.025855
tarefa_a_dynamic,100000,20,4,16,0.025845
tarefa_a_dynamic,100000,20,4,16,0.020341
tarefa_a_dynamic,100000,20,4,16,0.021670
tarefa_a_guided,100000,20,4,16,0.029627
tarefa_a_guided,100000,20,4,16,0.020632
tarefa_a_guided,100000,20,4,16,0.020790
tarefa_a_guided,100000,20,4,16,0.025105
tarefa_a_guided,100000,20,4,16,0.023434
tarefa_a_dynamic,100000,20,4,64,0.021962
tarefa_a_dynamic,100000,20,4,64,0.021333
tarefa_a_dynamic,100000,20,4,64,0.022352
tarefa_a_dynamic,100000,20,4,64,0.022876
tarefa_a_dynamic,100000,20,4,64,0.020164
tarefa_a_guided,100000,20,4,64,0.021122
tarefa_a_guided,100000,20,4,64,0.022472
tarefa_a_guided,100000,20,4,64,0.021441
tarefa_a_guided,100000,20,4,64,0.027412
tarefa_a_guided,100000,20,4,64,0.020160
tarefa_a_static,100000,20,8,NA,0.018899
tarefa_a_static,100000,20,8,NA,0.019480
tarefa_a_static,100000,20,8,NA,0.017865
tarefa_a_static,100000,20,8,NA,0.019195
tarefa_a_static,100000,20,8,NA,0.019518
tarefa_a_dynamic,100000,20,8,1,0.016757
tarefa_a_dynamic,100000,20,8,1,0.015834
tarefa_a_dynamic,100000,20,8,1,0.016431
tarefa_a_dynamic,100000,20,8,1,0.015817
tarefa_a_dynamic,100000,20,8,1,0.015705
tarefa_a_guided,100000,20,8,1,0.018964
tarefa_a_guided,100000,20,8,1,0.015884
tarefa_a_guided,100000,20,8,1,0.015133
tarefa_a_guided,100000,20,8,1,0.017479
tarefa_a_guided,100000,20,8,1,0.016850
tarefa_a_dynamic,100000,20,8,4,0.014464
tarefa_a_dynamic,100000,20,8,4,0.017028
tarefa_a_dynamic,100000,20,8,4,0.018079
tarefa_a_dynamic,100000,20,8,4,0.014919
tarefa_a_dynamic,100000,20,8,4,0.014988
tarefa_a_guided,100000,20,8,4,0.018661
tarefa_a_guided,100000,20,8,4,0.018711
tarefa_a_guided,100000,20,8,4,0.015351
tarefa_a_guided,100000,20,8,4,0.018343
tarefa_a_guided,100000,20,8,4,0.019587
tarefa_a_dynamic,100000,20,8,16,0.015824
tarefa_a_dynamic,100000,20,8,16,0.014820
tarefa_a_dynamic,100000,20,8,16,0.015146
tarefa_a_dynamic,100000,20,8,16,0.014714
tarefa_a_dynamic,100000,20,8,16,0.014466
tarefa_a_guided,100000,20,8,16,0.019184
tarefa_a_guided,100000,20,8,16,0.018358
tarefa_a_guided,100000,20,8,16,0.017806
tarefa_a_guided,100000,20,8,16,0.019623
tarefa_a_guided,100000,20,8,16,0.017702
tarefa_a_dynamic,100000,20,8,64,0.017991
tarefa_a_dynamic,100000,20,8,64,0.018313
tarefa_a_dynamic,100000,20,8,64,0.030644
tarefa_a_dynamic,100000,20,8,64,0.020552
tarefa_a_dynamic,100000,20,8,64,0.016329
tarefa_a_guided,100000,20,8,64,0.019617
tarefa_a_guided,100000,20,8,64,0.017513
tarefa_a_guided,100000,20,8,64,0.018371
tarefa_a_guided,100000,20,8,64,0.020362
tarefa_a_guided,100000,20,8,64,0.019455
tarefa_a_static,100000,20,16,NA,0.018177
tarefa_a_static,100000,20,16,NA,0.020755
tarefa_a_static,100000,20,16,NA,0.021222
tarefa_a_static,100000,20,16,NA,0.019182
tarefa_a_static,100000,20,16,NA,0.020175
tarefa_a_dynamic,100000,20,16,1,0.014878
tarefa_a_dynamic,100000,20,16,1,0.014503
tarefa_a_dynamic,100000,20,16,1,0.015259
tarefa_a_dynamic,100000,20,16,1,0.014583
tarefa_a_dynamic,100000,20,16,1,0.015038
tarefa_a_guided,100000,20,16,1,0.014490
tarefa_a_guided,100000,20,16,1,0.014829
tarefa_a_guided,100000,20,16,1,0.016441
tarefa_a_guided,100000,20,16,1,0.015384
tarefa_a_guided,100000,20,16,1,0.014519
tarefa_a_dynamic,100000,20,16,4,0.014140
tarefa_a_dynamic,100000,20,16,4,0.015638
tarefa_a_dynamic,100000,20,16,4,0.014446
tarefa_a_dynamic,100000,20,16,4,0.014716
tarefa_a_dynamic,100000,20,16,4,0.014411
tarefa_a_guided,100000,20,16,4,0.015163
tarefa_a_guided,100000,20,16,4,0.016198
tarefa_a_guided,100000,20,16,4,0.014174
tarefa_a_guided,100000,20,16,4,0.014619
tarefa_a_guided,100000,20,16,4,0.013935
tarefa_a_dynamic,100000,20,16,16,0.013812
tarefa_a_dynamic,100000,20,16,16,0.014518
tarefa_a_dynamic,100000,20,16,16,0.015200
tarefa_a_dynamic,100000,20,16,16,0.015355
tarefa_a_dynamic,100000,20,16,16,0.014416
tarefa_a_guided,100000,20,16,16,0.014172
tarefa_a_guided,100000,20,16,16,0.015113
tarefa_a_guided,100000,20,16,16,0.016921
tarefa_a_guided,100000,20,16,16,0.015428
tarefa_a_guided,100000,20,16,16,0.013724
tarefa_a_dynamic,100000,20,16,64,0.015566
tarefa_a_dynamic,100000,20,16,64,0.014360
tarefa_a_dynamic,100000,20,16,64,0.014045
tarefa_a_dynamic,100000,20,16,64,0.014409
tarefa_a_dynamic,100000,20,16,64,0.014380
tarefa_a_guided,100000,20,16,64,0.014068
tarefa_a_guided,100000,20,16,64,0.014354
tarefa_a_guided,100000,20,16,64,0.015257
tarefa_a_guided,100000,20,16,64,0.014188
tarefa_a_guided,100000,20,16,64,0.014151
tarefa_a_seq,100000,24,1,NA,0.461934
tarefa_a_seq,100000,24,1,NA,0.457613
tarefa_a_seq,100000,24,1,NA,0.462497
tarefa_a_seq,100000,24,1,NA,0.459878
tarefa_a_seq,100000,24,1,NA,0.460930
tarefa_a_static,100000,24,1,NA,0.469328
tarefa_a_static,100000,24,1,NA,0.467203
tarefa_a_static,100000,24,1,NA,0.467100
tarefa_a_static,100000,24,1,NA,0.471016
tarefa_a_static,100000,24,1,NA,0.465429
tarefa_a_dynamic,100000,24,1,1,0.467634
tarefa_a_dynamic,100000,24,1,1,0.463383
tarefa_a_dynamic,100000,24,1,1,0.465239
tarefa_a_dynamic,100000,24,1,1,0.477788
tarefa_a_dynamic,100000,24,1,1,0.472091
tarefa_a_guided,100000,24,1,1,0.470730
tarefa_a_guided,100000,24,1,1,0.468985
tarefa_a_guided,100000,24,1,1,0.474339
tarefa_a_guided,100000,24,1,1,0.470683
tarefa_a_guided,100000,24,1,1,0.471780
tarefa_a_dynamic,100000,24,1,4,0.471692
tarefa_a_dynamic,100000,24,1,4,0.458062
tarefa_a_dynamic,100000,24,1,4,0.467216
tarefa_a_dynamic,100000,24,1,4,0.458557
tarefa_a_dynamic,100000,24,1,4,0.463661
tarefa_a_guided,100000,24,1,4,0.457552
tarefa_a_guided,100000,24,1,4,0.459898
tarefa_a_guided,100000,24,1,4,0.457632
tarefa_a_guided,100000,24,1,4,0.461409
tarefa_a_guided,100000,24,1,4,0.458085
tarefa_a_dynamic,100000,24,1,16,0.456889
tarefa_a_dynamic,100000,24,1,16,0.464927
tarefa_a_dynamic,100000,24,1,16,0.462164
tarefa_a_dynamic,100000,24,1,16,0.455677
tarefa_a_dynamic,100000,24,1,16,0.459020
tarefa_a_guided,100000,24,1,16,0.457638
tarefa_a_guided,100000,24,1,16,0.462381
tarefa_a_guided,100000,24,1,16,0.460062
tarefa_a_guided,100000,24,1,16,0.456777
tarefa_a_guided,100000,24,1,16,0.459912
tarefa_a_dynamic,100000,24,1,64,0.460934
tarefa_a_dynamic,100000,24,1,64,0.461552
tarefa_a_dynamic,100000,24,1,64,0.458866
tarefa_a_dynamic,100000,24,1,64,0.460513
tarefa_a_dynamic,100000,24,1,64,0.462730
tarefa_a_guided,100000,24,1,64,0.464557
tarefa_a_guided,100000,24,1,64,0.475426
tarefa_a_guided,100000,24,1,64,0.465147
tarefa_a_guided,100000,24,1,64,0.458825
tarefa_a_guided,100000,24,1,64,0.465843
tarefa_a_static,100000,24,2,NA,0.250345
tarefa_a_static,100000,24,2,NA,0.272137
tarefa_a_static,100000,24,2,NA,0.237614
tarefa_a_static,100000,24,2,NA,0.235840
tarefa_a_static,100000,24,2,NA,0.244737
tarefa_a_dynamic,100000,24,2,1,0.235167
tarefa_a_dynamic,100000,24,2,1,0.261780
tarefa_a_dynamic,100000,24,2,1,0.234655
tarefa_a_dynamic,100000,24,2,1,0.235218
tarefa_a_dynamic,100000,24,2,1,0.238855
tarefa_a_guided,100000,24,2,1,0.241306
tarefa_a_guided,100000,24,2,1,0.242083
tarefa_a_guided,100000,24,2,1,0.260038
tarefa_a_guided,100000,24,2,1,0.262235
tarefa_a_guided,100000,24,2,1,0.270273
tarefa_a_dynamic,100000,24,2,4,0.270351
tarefa_a_dynamic,100000,24,2,4,0.238729
tarefa_a_dynamic,100000,24,2,4,0.239520
tarefa_a_dynamic,100000,24,2,4,0.234710
tarefa_a_dynamic,100000,24,2,4,0.252734
tarefa_a_guided,100000,24,2,4,0.241822
tarefa_a_guided,100000,24,2,4,0.242955
tarefa_a_guided,100000,24,2,4,0.233945
tarefa_a_guided,100000,24,2,4,0.249236
tarefa_a_guided,100000,24,2,4,0.248182
tarefa_a_dynamic,100000,24,2,16,0.238314
tarefa_a_dynamic,100000,24,2,16,0.267902
tarefa_a_dynamic,100000,24,2,16,0.235514
tarefa_a_dynamic,100000,24,2,16,0.258228
tarefa_a_dynamic,100000,24,2,16,0.252862
tarefa_a_guided,100000,24,2,16,0.235837
tarefa_a_guided,100000,24,2,16,0.273786
tarefa_a_guided,100000,24,2,16,0.247827
tarefa_a_guided,100000,24,2,16,0.235864
tarefa_a_guided,100000,24,2,16,0.266717
tarefa_a_dynamic,100000,24,2,64,0.270451
tarefa_a_dynamic,100000,24,2,64,0.269876
tarefa_a_dynamic,100000,24,2,64,0.242071
tarefa_a_dynamic,100000,24,2,64,0.237783
tarefa_a_dynamic,100000,24,2,64,0.247644
tarefa_a_guided,100000,24,2,64,0.251891
tarefa_a_guided,100000,24,2,64,0.242363
tarefa_a_guided,100000,24,2,64,0.253381
tarefa_a_guided,100000,24,2,64,0.250087
tarefa_a_guided,100000,24,2,64,0.262938
tarefa_a_static,100000,24,4,NA,0.163117
tarefa_a_static,100000,24,4,NA,0.162801
tarefa_a_static,100000,24,4,NA,0.144915
tarefa_a_static,100000,24,4,NA,0.151805
tarefa_a_static,100000,24,4,NA,0.156957
tarefa_a_dynamic,100000,24,4,1,0.141635
tarefa_a_dynamic,100000,24,4,1,0.143660
tarefa_a_dynamic,100000,24,4,1,0.142571
tarefa_a_dynamic,100000,24,4,1,0.149980
tarefa_a_dynamic,100000,24,4,1,0.152172
tarefa_a_guided,100000,24,4,1,0.144910
tarefa_a_guided,100000,24,4,1,0.165900
tarefa_a_guided,100000,24,4,1,0.146203
tarefa_a_guided,100000,24,4,1,0.143261
tarefa_a_guided,100000,24,4,1,0.150527
tarefa_a_dynamic,100000,24,4,4,0.144523
tarefa_a_dynamic,100000,24,4,4,0.146465
tarefa_a_dynamic,100000,24,4,4,0.142352
tarefa_a_dynamic,100000,24,4,4,0.138315
tarefa_a_dynamic,100000,24,4,4,0.145073
tarefa_a_guided,100000,24,4,4,0.164851
tarefa_a_guided,100000,24,4,4,0.133463
tarefa_a_guided,100000,24,4,4,0.143104
tarefa_a_guided,100000,24,4,4,0.135384
tarefa_a_guided,100000,24,4,4,0.147567
tarefa_a_dynamic,100000,24,4,16,0.155148
tarefa_a_dynamic,100000,24,4,16,0.126102
tarefa_a_dynamic,100000,24,4,16,0.142001
tarefa_a_dynamic,100000,24,4,16,0.126663
tarefa_a_dynamic,100000,24,4,16,0.143762
tarefa_a_guided,100000,24,4,16,0.142360
tarefa_a_guided,100000,24,4,16,0.131031
tarefa_a_guided,100000,24,4,16,0.147643
tarefa_a_guided,100000,24,4,16,0.162235
tarefa_a_guided,100000,24,4,16,0.143804
tarefa_a_dynamic,100000,24,4,64,0.143554
tarefa_a_dynamic,100000,24,4,64,0.152033
tarefa_a_dynamic,100000,24,4,64,0.137511
tarefa_a_dynamic,100000,24,4,64,0.139062
tarefa_a_dynamic,100000,24,4,64,0.142872
tarefa_a_guided,100000,24,4,64,0.166513
tarefa_a_guided,100000,24,4,64,0.144826
tarefa_a_guided,100000,24,4,64,0.139197
tarefa_a_guided,100000,24,4,64,0.135600
tarefa_a_guided,100000,24,4,64,0.142349
tarefa_a_static,100000,24,8,NA,0.104602
tarefa_a_static,100000,24,8,NA,0.101417
tarefa_a_static,100000,24,8,NA,0.108250
tarefa_a_static,100000,24,8,NA,0.105705
tarefa_a_static,100000,24,8,NA,0.108067
tarefa_a_dynamic,100000,24,8,1,0.097568
tarefa_a_dynamic,100000,24,8,1,0.100786
tarefa_a_dynamic,100000,24,8,1,0.095266
tarefa_a_dynamic,100000,24,8,1,0.094526
tarefa_a_dynamic,100000,24,8,1,0.096397
tarefa_a_guided,100000,24,8,1,0.100702
tarefa_a_guided,100000,24,8,1,0.101669
tarefa_a_guided,100000,24,8,1,0.096692
tarefa_a_guided,100000,24,8,1,0.105194
tarefa_a_guided,100000,24,8,1,0.097881
tarefa_a_dynamic,100000,24,8,4,0.094635
tarefa_a_dynamic,100000,24,8,4,0.094140
tarefa_a_dynamic,100000,24,8,4,0.093384
tarefa_a_dynamic,100000,24,8,4,0.092597
tarefa_a_dynamic,100000,24,8,4,0.094098
tarefa_a_guided,100000,24,8,4,0.097577
tarefa_a_guided,100000,24,8,4,0.109459
tarefa_a_guided,100000,24,8,4,0.090210
tarefa_a_guided,100000,24,8,4,0.100977
tarefa_a_guided,100000,24,8,4,0.094438
tarefa_a_dynamic,100000,24,8,16,0.094711
tarefa_a_dynamic,100000,24,8,16,0.103220
tarefa_a_dynamic,100000,24,8,16,0.103391
tarefa_a_dynamic,100000,24,8,16,0.097156
tarefa_a_dynamic,100000,24,8,16,0.098247
tarefa_a_guided,100000,24,8,16,0.103253
tarefa_a_guided,100000,24,8,16,0.101442
tarefa_a_guided,100000,24,8,16,0.094165
tarefa_a_guided,100000,24,8,16,0.101203
tarefa_a_guided,100000,24,8,16,0.091461
tarefa_a_dynamic,100000,24,8,64,0.094686
tarefa_a_dynamic,100000,24,8,64,0.094358
tarefa_a_dynamic,100000,24,8,64,0.094102
tarefa_a_dynamic,100000,24,8,64,0.095232
tarefa_a_dynamic,100000,24,8,64,0.091517
tarefa_a_guided,100000,24,8,64,0.098615
tarefa_a_guided,100000,24,8,64,0.104928
tarefa_a_guided,100000,24,8,64,0.094527
tarefa_a_guided,100000,24,8,64,0.093607
tarefa_a_guided,100000,24,8,64,0.104686
tarefa_a_static,100000,24,16,NA,0.101400
tarefa_a_static,100000,24,16,NA,0.098412
tarefa_a_static,100000,24,16,NA,0.102066
tarefa_a_static,100000,24,16,NA,0.094649
tarefa_a_static,100000,24,16,NA,0.106383
tarefa_a_dynamic,100000,24,16,1,0.093796
tarefa_a_dynamic,100000,24,16,1,0.087287
tarefa_a_dynamic,100000,24,16,1,0.087562
tarefa_a_dynamic,100000,24,16,1,0.086150
tarefa_a_dynamic,100000,24,16,1,0.085657
tarefa_a_guided,100000,24,16,1,0.095742
tarefa_a_guided,100000,24,16,1,0.092380
tarefa_a_guided,100000,24,16,1,0.095024
tarefa_a_guided,100000,24,16,1,0.088725
tarefa_a_guided,100000,24,16,1,0.088070
tarefa_a_dynamic,100000,24,16,4,0.086110
tarefa_a_dynamic,100000,24,16,4,0.087073
tarefa_a_dynamic,100000,24,16,4,0.088479
tarefa_a_dynamic,100000,24,16,4,0.086171
tarefa_a_dynamic,100000,24,16,4,0.087084
tarefa_a_guided,100000,24,16,4,0.092092
tarefa_a_guided,100000,24,16,4,0.090101
tarefa_a_guided,100000,24,16,4,0.090373
tarefa_a_guided,100000,24,16,4,0.093210
tarefa_a_guided,100000,24,16,4,0.091565
tarefa_a_dynamic,100000,24,16,16,0.085210
tarefa_a_dynamic,100000,24,16,16,0.085886
tarefa_a_dynamic,100000,24,16,16,0.088436
tarefa_a_dynamic,100000,24,16,16,0.086572
tarefa_a_dynamic,100000,24,16,16,0.096682
tarefa_a_guided,100000,24,16,16,0.104466
tarefa_a_guided,100000,24,16,16,0.087198
tarefa_a_guided,100000,24,16,16,0.091477
tarefa_a_guided,100000,24,16,16,0.091325
tarefa_a_guided,100000,24,16,16,0.090282
tarefa_a_dynamic,100000,24,16,64,0.087965
tarefa_a_dynamic,100000,24,16,64,0.087997
tarefa_a_dynamic,100000,24,16,64,0.085237
tarefa_a_dynamic,100000,24,16,64,0.093666
tarefa_a_dynamic,100000,24,16,64,0.085883
tarefa_a_guided,100000,24,16,64,0.092234
tarefa_a_guided,100000,24,16,64,0.094896
tarefa_a_guided,100000,24,16,64,0.089522
tarefa_a_guided,100000,24,16,64,0.091126
tarefa_a_guided,100000,24,16,64,0.094723
tarefa_a_seq,100000,28,1,NA,2.717095
tarefa_a_seq,100000,28,1,NA,2.691427
tarefa_a_seq,100000,28,1,NA,2.694449
tarefa_a_seq,100000,28,1,NA,2.680524
tarefa_a_seq,100000,28,1,NA,2.687407
tarefa_a_static,100000,28,1,NA,2.700766
tarefa_a_static,100000,28,1,NA,2.716723
tarefa_a_static,100000,28,1,NA,2.705218
tarefa_a_static,100000,28,1,NA,2.708096
tarefa_a_static,100000,28,1,NA,2.753172
tarefa_a_dynamic,100000,28,1,1,2.705235
tarefa_a_dynamic,100000,28,1,1,2.696052
tarefa_a_dynamic,100000,28,1,1,2.718723
tarefa_a_dynamic,100000,28,1,1,2.696275
tarefa_a_dynamic,100000,28,1,1,2.692495
tarefa_a_guided,100000,28,1,1,2.701180
tarefa_a_guided,100000,28,1,1,2.696888
tarefa_a_guided,100000,28,1,1,2.692126
tarefa_a_guided,100000,28,1,1,2.698602
tarefa_a_guided,100000,28,1,1,2.706180
tarefa_a_dynamic,100000,28,1,4,2.692063
tarefa_a_dynamic,100000,28,1,4,2.687942
tarefa_a_dynamic,100000,28,1,4,2.702704
tarefa_a_dynamic,100000,28,1,4,2.683854
tarefa_a_dynamic,100000,28,1,4,2.702348
tarefa_a_guided,100000,28,1,4,2.701721
tarefa_a_guided,100000,28,1,4,2.692037
tarefa_a_guided,100000,28,1,4,2.728645
tarefa_a_guided,100000,28,1,4,2.702175
tarefa_a_guided,100000,28,1,4,2.696982
tarefa_a_dynamic,100000,28,1,16,2.692988
tarefa_a_dynamic,100000,28,1,16,2.714904
tarefa_a_dynamic,100000,28,1,16,2.698445
tarefa_a_dynamic,100000,28,1,16,2.700575
tarefa_a_dynamic,100000,28,1,16,2.687222
tarefa_a_guided,100000,28,1,16,2.692694
tarefa_a_guided,100000,28,1,16,2.691762
tarefa_a_guided,100000,28,1,16,2.701242
tarefa_a_guided,100000,28,1,16,2.687830
tarefa_a_guided,100000,28,1,16,2.701421
tarefa_a_dynamic,100000,28,1,64,2.702732
tarefa_a_dynamic,100000,28,1,64,2.691972
tarefa_a_dynamic,100000,28,1,64,2.701687
tarefa_a_dynamic,100000,28,1,64,2.688695
tarefa_a_dynamic,100000,28,1,64,2.681647
tarefa_a_guided,100000,28,1,64,2.695958
tarefa_a_guided,100000,28,1,64,2.691555
tarefa_a_guided,100000,28,1,64,2.683637
tarefa_a_guided,100000,28,1,64,2.715644
tarefa_a_guided,100000,28,1,64,2.693469
tarefa_a_static,100000,28,2,NA,1.468893
tarefa_a_static,100000,28,2,NA,1.401299
tarefa_a_static,100000,28,2,NA,1.406324
tarefa_a_static,100000,28,2,NA,1.471407
tarefa_a_static,100000,28,2,NA,1.435678
tarefa_a_dynamic,100000,28,2,1,1.530806
tarefa_a_dynamic,100000,28,2,1,1.506634
tarefa_a_dynamic,100000,28,2,1,1.406887
tarefa_a_dynamic,100000,28,2,1,1.441054
tarefa_a_dynamic,100000,28,2,1,1.431866
tarefa_a_guided,100000,28,2,1,1.470400
tarefa_a_guided,100000,28,2,1,1.404230
tarefa_a_guided,100000,28,2,1,1.462300
tarefa_a_guided,100000,28,2,1,1.450785
tarefa_a_guided,100000,28,2,1,1.416343
tarefa_a_dynamic,100000,28,2,4,1.441924
tarefa_a_dynamic,100000,28,2,4,1.432937
tarefa_a_dynamic,100000,28,2,4,1.435052
tarefa_a_dynamic,100000,28,2,4,1.443564
tarefa_a_dynamic,100000,28,2,4,1.412138
tarefa_a_guided,100000,28,2,4,1.432482
tarefa_a_guided,100000,28,2,4,1.462031
tarefa_a_guided,100000,28,2,4,1.457690
tarefa_a_guided,100000,28,2,4,1.485596
tarefa_a_guided,100000,28,2,4,1.425990
tarefa_a_dynamic,100000,28,2,16,1.423873
tarefa_a_dynamic,100000,28,2,16,1.523278
tarefa_a_dynamic,100000,28,2,16,1.384534
tarefa_a_dynamic,100000,28,2,16,1.436822
tarefa_a_dynamic,100000,28,2,16,1.486593
tarefa_a_guided,100000,28,2,16,1.494568
tarefa_a_guided,100000,28,2,16,1.438132
tarefa_a_guided,100000,28,2,16,1.448189
tarefa_a_guided,100000,28,2,16,1.445178
tarefa_a_guided,100000,28,2,16,1.433407
tarefa_a_dynamic,100000,28,2,64,1.423072
tarefa_a_dynamic,100000,28,2,64,1.534326
tarefa_a_dynamic,100000,28,2,64,1.475212
tarefa_a_dynamic,100000,28,2,64,1.421643
tarefa_a_dynamic,100000,28,2,64,1.578479
tarefa_a_guided,100000,28,2,64,1.442265
tarefa_a_guided,100000,28,2,64,1.433969
tarefa_a_guided,100000,28,2,64,1.441941
tarefa_a_guided,100000,28,2,64,1.446532
tarefa_a_guided,100000,28,2,64,1.530757
tarefa_a_static,100000,28,4,NA,0.867020
tarefa_a_static,100000,28,4,NA,0.863423
tarefa_a_static,100000,28,4,NA,0.858001
tarefa_a_static,100000,28,4,NA,0.879638
tarefa_a_static,100000,28,4,NA,0.851523
tarefa_a_dynamic,100000,28,4,1,0.841568
tarefa_a_dynamic,100000,28,4,1,0.833031
tarefa_a_dynamic,100000,28,4,1,0.838536
tarefa_a_dynamic,100000,28,4,1,0.827619
tarefa_a_dynamic,100000,28,4,1,0.854479
tarefa_a_guided,100000,28,4,1,0.823216
tarefa_a_guided,100000,28,4,1,0.841772
tarefa_a_guided,100000,28,4,1,0.899267
tarefa_a_guided,100000,28,4,1,0.818938
tarefa_a_guided,100000,28,4,1,0.869704
tarefa_a_dynamic,100000,28,4,4,0.811895
tarefa_a_dynamic,100000,28,4,4,0.792082
tarefa_a_dynamic,100000,28,4,4,0.817216
tarefa_a_dynamic,100000,28,4,4,0.815659
tarefa_a_dynamic,100000,28,4,4,0.801236
tarefa_a_guided,100000,28,4,4,0.812231
tarefa_a_guided,100000,28,4,4,0.898272
tarefa_a_guided,100000,28,4,4,0.858314
tarefa_a_guided,100000,28,4,4,0.839532
tarefa_a_guided,100000,28,4,4,0.790663
tarefa_a_dynamic,100000,28,4,16,0.884404
tarefa_a_dynamic,100000,28,4,16,0.803434
tarefa_a_dynamic,100000,28,4,16,0.822442
tarefa_a_dynamic,100000,28,4,16,0.815357
tarefa_a_dynamic,100000,28,4,16,0.828675
tarefa_a_guided,100000,28,4,16,0.836091
tarefa_a_guided,100000,28,4,16,0.842747
tarefa_a_guided,100000,28,4,16,0.822058
tarefa_a_guided,100000,28,4,16,0.889864
tarefa_a_guided,100000,28,4,16,0.851364
tarefa_a_dynamic,100000,28,4,64,0.837102
tarefa_a_dynamic,100000,28,4,64,0.833675
tarefa_a_dynamic,100000,28,4,64,0.844402
tarefa_a_dynamic,100000,28,4,64,0.827494
tarefa_a_dynamic,100000,28,4,64,0.830367
tarefa_a_guided,100000,28,4,64,0.894173
tarefa_a_guided,100000,28,4,64,0.863358
tarefa_a_guided,100000,28,4,64,0.845322
tarefa_a_guided,100000,28,4,64,0.816720
tarefa_a_guided,100000,28,4,64,0.852377
tarefa_a_static,100000,28,8,NA,0.603286
tarefa_a_static,100000,28,8,NA,0.596260
tarefa_a_static,100000,28,8,NA,0.605240
tarefa_a_static,100000,28,8,NA,0.572569
tarefa_a_static,100000,28,8,NA,0.585604
tarefa_a_dynamic,100000,28,8,1,0.570387
tarefa_a_dynamic,100000,28,8,1,0.563665
tarefa_a_dynamic,100000,28,8,1,0.558385
tarefa_a_dynamic,100000,28,8,1,0.559536
tarefa_a_dynamic,100000,28,8,1,0.564340
tarefa_a_guided,100000,28,8,1,0.573889
tarefa_a_guided,100000,28,8,1,0.552586
tarefa_a_guided,100000,28,8,1,0.560261
tarefa_a_guided,100000,28,8,1,0.568091
tarefa_a_guided,100000,28,8,1,0.570754
tarefa_a_dynamic,100000,28,8,4,0.562852
tarefa_a_dynamic,100000,28,8,4,0.555416
tarefa_a_dynamic,100000,28,8,4,0.575086
tarefa_a_dynamic,100000,28,8,4,0.571251
tarefa_a_dynamic,100000,28,8,4,0.539663
tarefa_a_guided,100000,28,8,4,0.552748
tarefa_a_guided,100000,28,8,4,0.573934
tarefa_a_guided,100000,28,8,4,0.583505
tarefa_a_guided,100000,28,8,4,0.574694
tarefa_a_guided,100000,28,8,4,0.563684
tarefa_a_dynamic,100000,28,8,16,0.582274
tarefa_a_dynamic,100000,28,8,16,0.560486
tarefa_a_dynamic,100000,28,8,16,0.553678
tarefa_a_dynamic,100000,28,8,16,0.569566
tarefa_a_dynamic,100000,28,8,16,0.582719
tarefa_a_guided,100000,28,8,16,0.593564
tarefa_a_guided,100000,28,8,16,0.580192
tarefa_a_guided,100000,28,8,16,0.567414
tarefa_a_guided,100000,28,8,16,0.573805
tarefa_a_guided,100000,28,8,16,0.576155
tarefa_a_dynamic,100000,28,8,64,0.559355
tarefa_a_dynamic,100000,28,8,64,0.561452
tarefa_a_dynamic,100000,28,8,64,0.568522
tarefa_a_dynamic,100000,28,8,64,0.549200
tarefa_a_dynamic,100000,28,8,64,0.567526
tarefa_a_guided,100000,28,8,64,0.682987
tarefa_a_guided,100000,28,8,64,0.685415
tarefa_a_guided,100000,28,8,64,0.613343
tarefa_a_guided,100000,28,8,64,0.617243
tarefa_a_guided,100000,28,8,64,0.576212
tarefa_a_static,100000,28,16,NA,0.601882
tarefa_a_static,100000,28,16,NA,0.543773
tarefa_a_static,100000,28,16,NA,0.541835
tarefa_a_static,100000,28,16,NA,0.544660
tarefa_a_static,100000,28,16,NA,0.550092
tarefa_a_dynamic,100000,28,16,1,0.515380
tarefa_a_dynamic,100000,28,16,1,0.510711
tarefa_a_dynamic,100000,28,16,1,0.512750
tarefa_a_dynamic,100000,28,16,1,0.530304
tarefa_a_dynamic,100000,28,16,1,0.516959
tarefa_a_guided,100000,28,16,1,0.539879
tarefa_a_guided,100000,28,16,1,0.525000
tarefa_a_guided,100000,28,16,1,0.555048
tarefa_a_guided,100000,28,16,1,0.541899
tarefa_a_guided,100000,28,16,1,0.544867
tarefa_a_dynamic,100000,28,16,4,0.516190
tarefa_a_dynamic,100000,28,16,4,0.511618
tarefa_a_dynamic,100000,28,16,4,0.534329
tarefa_a_dynamic,100000,28,16,4,0.513082
tarefa_a_dynamic,100000,28,16,4,0.515265
tarefa_a_guided,100000,28,16,4,0.537390
tarefa_a_guided,100000,28,16,4,0.534929
tarefa_a_guided,100000,28,16,4,0.521725
tarefa_a_guided,100000,28,16,4,0.525290
tarefa_a_guided,100000,28,16,4,0.513330
tarefa_a_dynamic,100000,28,16,16,0.517052
tarefa_a_dynamic,100000,28,16,16,0.530142
tarefa_a_dynamic,100000,28,16,16,0.513785
tarefa_a_dynamic,100000,28,16,16,0.511428
tarefa_a_dynamic,100000,28,16,16,0.516569
tarefa_a_guided,100000,28,16,16,0.550945
tarefa_a_guided,100000,28,16,16,0.519994
tarefa_a_guided,100000,28,16,16,0.537899
tarefa_a_guided,100000,28,16,16,0.528820
tarefa_a_guided,100000,28,16,16,0.579087
tarefa_a_dynamic,100000,28,16,64,0.515188
tarefa_a_dynamic,100000,28,16,64,0.512058
tarefa_a_dynamic,100000,28,16,64,0.517126
tarefa_a_dynamic,100000,28,16,64,0.519604
tarefa_a_dynamic,100000,28,16,64,0.532113
tarefa_a_guided,100000,28,16,64,0.554055
tarefa_a_guided,100000,28,16,64,0.539590
tarefa_a_guided,100000,28,16,64,0.513882
tarefa_a_guided,100000,28,16,64,0.537099
tarefa_a_guided,100000,28,16,64,0.531264
tarefa_a_seq,500000,20,1,NA,0.378215
tarefa_a_seq,500000,20,1,NA,0.373317
tarefa_a_seq,500000,20,1,NA,0.375641
tarefa_a_seq,500000,20,1,NA,0.378000
tarefa_a_seq,500000,20,1,NA,0.377855
tarefa_a_static,500000,20,1,NA,0.382168
tarefa_a_static,500000,20,1,NA,0.361883
tarefa_a_static,500000,20,1,NA,0.368421
tarefa_a_static,500000,20,1,NA,0.363532
tarefa_a_static,500000,20,1,NA,0.368371
tarefa_a_dynamic,500000,20,1,1,0.373494
tarefa_a_dynamic,500000,20,1,1,0.377334
tarefa_a_dynamic,500000,20,1,1,0.369532
tarefa_a_dynamic,500000,20,1,1,0.374822
tarefa_a_dynamic,500000,20,1,1,0.375662
tarefa_a_guided,500000,20,1,1,0.378487
tarefa_a_guided,500000,20,1,1,0.374411
tarefa_a_guided,500000,20,1,1,0.372423
tarefa_a_guided,500000,20,1,1,0.370639
tarefa_a_guided,500000,20,1,1,0.371696
tarefa_a_dynamic,500000,20,1,4,0.382336
tarefa_a_dynamic,500000,20,1,4,0.380461
tarefa_a_dynamic,500000,20,1,4,0.384360
tarefa_a_dynamic,500000,20,1,4,0.373482
tarefa_a_dynamic,500000,20,1,4,0.378573
tarefa_a_guided,500000,20,1,4,0.370751
tarefa_a_guided,500000,20,1,4,0.371271
tarefa_a_guided,500000,20,1,4,0.372223
tarefa_a_guided,500000,20,1,4,0.373285
tarefa_a_guided,500000,20,1,4,0.373916
tarefa_a_dynamic,500000,20,1,16,0.380510
tarefa_a_dynamic,500000,20,1,16,0.371521
tarefa_a_dynamic,500000,20,1,16,0.371437
tarefa_a_dynamic,500000,20,1,16,0.377672
tarefa_a_dynamic,500000,20,1,16,0.377020
tarefa_a_guided,500000,20,1,16,0.369314
tarefa_a_guided,500000,20,1,16,0.374459
tarefa_a_guided,500000,20,1,16,0.368761
tarefa_a_guided,500000,20,1,16,0.371244
tarefa_a_guided,500000,20,1,16,0.371592
tarefa_a_dynamic,500000,20,1,64,0.368778
tarefa_a_dynamic,500000,20,1,64,0.370290
tarefa_a_dynamic,500000,20,1,64,0.373131
tarefa_a_dynamic,500000,20,1,64,0.373419
tarefa_a_dynamic,500000,20,1,64,0.371853
tarefa_a_guided,500000,20,1,64,0.377299
tarefa_a_guided,500000,20,1,64,0.371177
tarefa_a_guided,500000,20,1,64,0.372804
tarefa_a_guided,500000,20,1,64,0.371841
tarefa_a_guided,500000,20,1,64,0.372735
tarefa_a_static,500000,20,2,NA,0.186601
tarefa_a_static,500000,20,2,NA,0.193405
tarefa_a_static,500000,20,2,NA,0.213500
tarefa_a_static,500000,20,2,NA,0.200467
tarefa_a_static,500000,20,2,NA,0.198925
tarefa_a_dynamic,500000,20,2,1,0.199471
tarefa_a_dynamic,500000,20,2,1,0.181817
tarefa_a_dynamic,500000,20,2,1,0.185162
tarefa_a_dynamic,500000,20,2,1,0.182343
tarefa_a_dynamic,500000,20,2,1,0.215562
tarefa_a_guided,500000,20,2,1,0.189604
tarefa_a_guided,500000,20,2,1,0.213505
tarefa_a_guided,500000,20,2,1,0.197525
tarefa_a_guided,500000,20,2,1,0.225750
tarefa_a_guided,500000,20,2,1,0.191101
tarefa_a_dynamic,500000,20,2,4,0.190843
tarefa_a_dynamic,500000,20,2,4,0.199470
tarefa_a_dynamic,500000,20,2,4,0.189933
tarefa_a_dynamic,500000,20,2,4,0.189322
tarefa_a_dynamic,500000,20,2,4,0.199641
tarefa_a_guided,500000,20,2,4,0.222894
tarefa_a_guided,500000,20,2,4,0.187523
tarefa_a_guided,500000,20,2,4,0.191856
tarefa_a_guided,500000,20,2,4,0.198241
tarefa_a_guided,500000,20,2,4,0.190043
tarefa_a_dynamic,500000,20,2,16,0.205196
tarefa_a_dynamic,500000,20,2,16,0.192403
tarefa_a_dynamic,500000,20,2,16,0.221183
tarefa_a_dynamic,500000,20,2,16,0.189509
tarefa_a_dynamic,500000,20,2,16,0.198239
tarefa_a_guided,500000,20,2,16,0.192424
tarefa_a_guided,500000,20,2,16,0.193417
tarefa_a_guided,500000,20,2,16,0.218074
tarefa_a_guided,500000,20,2,16,0.227183
tarefa_a_guided,500000,20,2,16,0.191029
tarefa_a_dynamic,500000,20,2,64,0.191283
tarefa_a_dynamic,500000,20,2,64,0.192169
tarefa_a_dynamic,500000,20,2,64,0.184750
tarefa_a_dynamic,500000,20,2,64,0.212082
tarefa_a_dynamic,500000,20,2,64,0.188126
tarefa_a_guided,500000,20,2,64,0.198895
tarefa_a_guided,500000,20,2,64,0.227751
tarefa_a_guided,500000,20,2,64,0.189172
tarefa_a_guided,500000,20,2,64,0.191477
tarefa_a_guided,500000,20,2,64,0.202756
tarefa_a_static,500000,20,4,NA,0.125548
tarefa_a_static,500000,20,4,NA,0.102084
tarefa_a_static,500000,20,4,NA,0.112275
tarefa_a_static,500000,20,4,NA,0.121163
tarefa_a_static,500000,20,4,NA,0.115313
tarefa_a_dynamic,500000,20,4,1,0.107382
tarefa_a_dynamic,500000,20,4,1,0.111235
tarefa_a_dynamic,500000,20,4,1,0.124713
tarefa_a_dynamic,500000,20,4,1,0.115164
tarefa_a_dynamic,500000,20,4,1,0.121919
tarefa_a_guided,500000,20,4,1,0.103154
tarefa_a_guided,500000,20,4,1,0.112443
tarefa_a_guided,500000,20,4,1,0.109605
tarefa_a_guided,500000,20,4,1,0.107113
tarefa_a_guided,500000,20,4,1,0.118241
tarefa_a_dynamic,500000,20,4,4,0.112277
tarefa_a_dynamic,500000,20,4,4,0.111060
tarefa_a_dynamic,500000,20,4,4,0.100425
tarefa_a_dynamic,500000,20,4,4,0.104905
tarefa_a_dynamic,500000,20,4,4,0.099433
tarefa_a_guided,500000,20,4,4,0.121576
tarefa_a_guided,500000,20,4,4,0.110256
tarefa_a_guided,500000,20,4,4,0.109587
tarefa_a_guided,500000,20,4,4,0.121096
tarefa_a_guided,500000,20,4,4,0.114627
tarefa_a_dynamic,500000,20,4,16,0.126935
tarefa_a_dynamic,500000,20,4,16,0.112115
tarefa_a_dynamic,500000,20,4,16,0.112135
tarefa_a_dynamic,500000,20,4,16,0.106662
tarefa_a_dynamic,500000,20,4,16,0.103276
tarefa_a_guided,500000,20,4,16,0.104748
tarefa_a_guided,500000,20,4,16,0.109327
tarefa_a_guided,500000,20,4,16,0.118638
tarefa_a_guided,500000,20,4,16,0.140142
tarefa_a_guided,500000,20,4,16,0.118842
tarefa_a_dynamic,500000,20,4,64,0.103034
tarefa_a_dynamic,500000,20,4,64,0.114371
tarefa_a_dynamic,500000,20,4,64,0.109100
tarefa_a_dynamic,500000,20,4,64,0.122300
tarefa_a_dynamic,500000,20,4,64,0.108651
tarefa_a_guided,500000,20,4,64,0.108643
tarefa_a_guided,500000,20,4,64,0.105064
tarefa_a_guided,500000,20,4,64,0.122137
tarefa_a_guided,500000,20,4,64,0.114971
tarefa_a_guided,500000,20,4,64,0.112748
tarefa_a_static,500000,20,8,NA,0.088456
tarefa_a_static,500000,20,8,NA,0.090163
tarefa_a_static,500000,20,8,NA,0.088924
tarefa_a_static,500000,20,8,NA,0.079337
tarefa_a_static,500000,20,8,NA,0.086203
tarefa_a_dynamic,500000,20,8,1,0.076259
tarefa_a_dynamic,500000,20,8,1,0.079435
tarefa_a_dynamic,500000,20,8,1,0.077186
tarefa_a_dynamic,500000,20,8,1,0.073104
tarefa_a_dynamic,500000,20,8,1,0.078485
tarefa_a_guided,500000,20,8,1,0.077587
tarefa_a_guided,500000,20,8,1,0.081833
tarefa_a_guided,500000,20,8,1,0.076811
tarefa_a_guided,500000,20,8,1,0.076776
tarefa_a_guided,500000,20,8,1,0.078267
tarefa_a_dynamic,500000,20,8,4,0.076923
tarefa_a_dynamic,500000,20,8,4,0.083710
tarefa_a_dynamic,500000,20,8,4,0.077521
tarefa_a_dynamic,500000,20,8,4,0.078893
tarefa_a_dynamic,500000,20,8,4,0.078078
tarefa_a_guided,500000,20,8,4,0.082454
tarefa_a_guided,500000,20,8,4,0.080145
tarefa_a_guided,500000,20,8,4,0.079285
tarefa_a_guided,500000,20,8,4,0.077531
tarefa_a_guided,500000,20,8,4,0.084906
tarefa_a_dynamic,500000,20,8,16,0.087721
tarefa_a_dynamic,500000,20,8,16,0.081347
tarefa_a_dynamic,500000,20,8,16,0.077179
tarefa_a_dynamic,500000,20,8,16,0.071987
tarefa_a_dynamic,500000,20,8,16,0.076454
tarefa_a_guided,500000,20,8,16,0.081285
tarefa_a_guided,500000,20,8,16,0.078081
tarefa_a_guided,500000,20,8,16,0.079605
tarefa_a_guided,500000,20,8,16,0.072536
tarefa_a_guided,500000,20,8,16,0.074246
tarefa_a_dynamic,500000,20,8,64,0.071909
tarefa_a_dynamic,500000,20,8,64,0.074355
tarefa_a_dynamic,500000,20,8,64,0.076986
tarefa_a_dynamic,500000,20,8,64,0.074308
tarefa_a_dynamic,500000,20,8,64,0.074866
tarefa_a_guided,500000,20,8,64,0.075875
tarefa_a_guided,500000,20,8,64,0.079021
tarefa_a_guided,500000,20,8,64,0.082162
tarefa_a_guided,500000,20,8,64,0.072293
tarefa_a_guided,500000,20,8,64,0.079106
tarefa_a_static,500000,20,16,NA,0.078751
tarefa_a_static,500000,20,16,NA,0.078963
tarefa_a_static,500000,20,16,NA,0.078500
tarefa_a_static,500000,20,16,NA,0.074236
tarefa_a_static,500000,20,16,NA,0.076676
tarefa_a_dynamic,500000,20,16,1,0.069139
tarefa_a_dynamic,500000,20,16,1,0.069491
tarefa_a_dynamic,500000,20,16,1,0.068955
tarefa_a_dynamic,500000,20,16,1,0.069663
tarefa_a_dynamic,500000,20,16,1,0.075254
tarefa_a_guided,500000,20,16,1,0.082988
tarefa_a_guided,500000,20,16,1,0.079268
tarefa_a_guided,500000,20,16,1,0.069957
tarefa_a_guided,500000,20,16,1,0.070028
tarefa_a_guided,500000,20,16,1,0.070434
tarefa_a_dynamic,500000,20,16,4,0.068757
tarefa_a_dynamic,500000,20,16,4,0.071051
tarefa_a_dynamic,500000,20,16,4,0.069027
tarefa_a_dynamic,500000,20,16,4,0.068510
tarefa_a_dynamic,500000,20,16,4,0.068443
tarefa_a_guided,500000,20,16,4,0.074066
tarefa_a_guided,500000,20,16,4,0.072994
tarefa_a_guided,500000,20,16,4,0.071046
tarefa_a_guided,500000,20,16,4,0.069021
tarefa_a_guided,500000,20,16,4,0.072381
tarefa_a_dynamic,500000,20,16,16,0.068591
tarefa_a_dynamic,500000,20,16,16,0.068134
tarefa_a_dynamic,500000,20,16,16,0.067367
tarefa_a_dynamic,500000,20,16,16,0.068670
tarefa_a_dynamic,500000,20,16,16,0.068020
tarefa_a_guided,500000,20,16,16,0.073951
tarefa_a_guided,500000,20,16,16,0.076132
tarefa_a_guided,500000,20,16,16,0.073086
tarefa_a_guided,500000,20,16,16,0.072938
tarefa_a_guided,500000,20,16,16,0.069778
tarefa_a_dynamic,500000,20,16,64,0.069085
tarefa_a_dynamic,500000,20,16,64,0.067735
tarefa_a_dynamic,500000,20,16,64,0.071038
tarefa_a_dynamic,500000,20,16,64,0.067309
tarefa_a_dynamic,500000,20,16,64,0.068721
tarefa_a_guided,500000,20,16,64,0.071419
tarefa_a_guided,500000,20,16,64,0.078946
tarefa_a_guided,500000,20,16,64,0.079797
tarefa_a_guided,500000,20,16,64,0.079317
tarefa_a_guided,500000,20,16,64,0.073052
tarefa_a_seq,500000,24,1,NA,2.304726
tarefa_a_seq,500000,24,1,NA,2.279203
tarefa_a_seq,500000,24,1,NA,2.289796
tarefa_a_seq,500000,24,1,NA,2.272625
tarefa_a_seq,500000,24,1,NA,2.284115
tarefa_a_static,500000,24,1,NA,2.292394
tarefa_a_static,500000,24,1,NA,2.297038
tarefa_a_static,500000,24,1,NA,2.292829
tarefa_a_static,500000,24,1,NA,2.279123
tarefa_a_static,500000,24,1,NA,2.284415
tarefa_a_dynamic,500000,24,1,1,2.304342
tarefa_a_dynamic,500000,24,1,1,2.319925
tarefa_a_dynamic,500000,24,1,1,2.316996
tarefa_a_dynamic,500000,24,1,1,2.327133
tarefa_a_dynamic,500000,24,1,1,2.299704
tarefa_a_guided,500000,24,1,1,2.324227
tarefa_a_guided,500000,24,1,1,2.303992
tarefa_a_guided,500000,24,1,1,2.291796
tarefa_a_guided,500000,24,1,1,2.295976
tarefa_a_guided,500000,24,1,1,2.297221
tarefa_a_dynamic,500000,24,1,4,2.301144
tarefa_a_dynamic,500000,24,1,4,2.298068
tarefa_a_dynamic,500000,24,1,4,2.306574
tarefa_a_dynamic,500000,24,1,4,2.301053
tarefa_a_dynamic,500000,24,1,4,2.298248
tarefa_a_guided,500000,24,1,4,2.288576
tarefa_a_guided,500000,24,1,4,2.298548
tarefa_a_guided,500000,24,1,4,2.291731
tarefa_a_guided,500000,24,1,4,2.285335
tarefa_a_guided,500000,24,1,4,2.295135
tarefa_a_dynamic,500000,24,1,16,2.296318
tarefa_a_dynamic,500000,24,1,16,2.294602
tarefa_a_dynamic,500000,24,1,16,2.289639
tarefa_a_dynamic,500000,24,1,16,2.315689
tarefa_a_dynamic,500000,24,1,16,2.293038
tarefa_a_guided,500000,24,1,16,2.325304
tarefa_a_guided,500000,24,1,16,2.287909
tarefa_a_guided,500000,24,1,16,2.294059
tarefa_a_guided,500000,24,1,16,2.294621
tarefa_a_guided,500000,24,1,16,2.311991
tarefa_a_dynamic,500000,24,1,64,2.308720
tarefa_a_dynamic,500000,24,1,64,2.314774
tarefa_a_dynamic,500000,24,1,64,2.329158
tarefa_a_dynamic,500000,24,1,64,2.311554
tarefa_a_dynamic,500000,24,1,64,2.300893
tarefa_a_guided,500000,24,1,64,2.297444
tarefa_a_guided,500000,24,1,64,2.311664
tarefa_a_guided,500000,24,1,64,2.316331
tarefa_a_guided,500000,24,1,64,2.329436
tarefa_a_guided,500000,24,1,64,2.294616
tarefa_a_static,500000,24,2,NA,1.252876
tarefa_a_static,500000,24,2,NA,1.248899
tarefa_a_static,500000,24,2,NA,1.316502
tarefa_a_static,500000,24,2,NA,1.249527
tarefa_a_static,500000,24,2,NA,1.197347
tarefa_a_dynamic,500000,24,2,1,1.236477
tarefa_a_dynamic,500000,24,2,1,1.222262
tarefa_a_dynamic,500000,24,2,1,1.323983
tarefa_a_dynamic,500000,24,2,1,1.338362
tarefa_a_dynamic,500000,24,2,1,1.308061
tarefa_a_guided,500000,24,2,1,1.254573
tarefa_a_guided,500000,24,2,1,1.295083
tarefa_a_guided,500000,24,2,1,1.265709
tarefa_a_guided,500000,24,2,1,1.234391
tarefa_a_guided,500000,24,2,1,1.217148
tarefa_a_dynamic,500000,24,2,4,1.210832
tarefa_a_dynamic,500000,24,2,4,1.226940
tarefa_a_dynamic,500000,24,2,4,1.263282
tarefa_a_dynamic,500000,24,2,4,1.202768
tarefa_a_dynamic,500000,24,2,4,1.241091
tarefa_a_guided,500000,24,2,4,1.239474
tarefa_a_guided,500000,24,2,4,1.245999
tarefa_a_guided,500000,24,2,4,1.280383
tarefa_a_guided,500000,24,2,4,1.286943
tarefa_a_guided,500000,24,2,4,1.246187
tarefa_a_dynamic,500000,24,2,16,1.258668
tarefa_a_dynamic,500000,24,2,16,1.273382
tarefa_a_dynamic,500000,24,2,16,1.334626
tarefa_a_dynamic,500000,24,2,16,1.277547
tarefa_a_dynamic,500000,24,2,16,1.197394
tarefa_a_guided,500000,24,2,16,1.232992
tarefa_a_guided,500000,24,2,16,1.188427
tarefa_a_guided,500000,24,2,16,1.198898
tarefa_a_guided,500000,24,2,16,1.214993
tarefa_a_guided,500000,24,2,16,1.241386
tarefa_a_dynamic,500000,24,2,64,1.204936
tarefa_a_dynamic,500000,24,2,64,1.323413
tarefa_a_dynamic,500000,24,2,64,1.233447
tarefa_a_dynamic,500000,24,2,64,1.186389
tarefa_a_dynamic,500000,24,2,64,1.251532
tarefa_a_guided,500000,24,2,64,1.286400
tarefa_a_guided,500000,24,2,64,1.208637
tarefa_a_guided,500000,24,2,64,1.190165
tarefa_a_guided,500000,24,2,64,1.227555
tarefa_a_guided,500000,24,2,64,1.235099
tarefa_a_static,500000,24,4,NA,0.726400
tarefa_a_static,500000,24,4,NA,0.734879
tarefa_a_static,500000,24,4,NA,0.754239
tarefa_a_static,500000,24,4,NA,0.692836
tarefa_a_static,500000,24,4,NA,0.756814
tarefa_a_dynamic,500000,24,4,1,0.685154
tarefa_a_dynamic,500000,24,4,1,0.724197
tarefa_a_dynamic,500000,24,4,1,0.705472
tarefa_a_dynamic,500000,24,4,1,0.706164
tarefa_a_dynamic,500000,24,4,1,0.672532
tarefa_a_guided,500000,24,4,1,0.738280
tarefa_a_guided,500000,24,4,1,0.739506
tarefa_a_guided,500000,24,4,1,0.709932
tarefa_a_guided,500000,24,4,1,0.736515
tarefa_a_guided,500000,24,4,1,0.680398
tarefa_a_dynamic,500000,24,4,4,0.712827
tarefa_a_dynamic,500000,24,4,4,0.695100
tarefa_a_dynamic,500000,24,4,4,0.692809
tarefa_a_dynamic,500000,24,4,4,0.709652
tarefa_a_dynamic,500000,24,4,4,0.707805
tarefa_a_guided,500000,24,4,4,0.725030
tarefa_a_guided,500000,24,4,4,0.690422
tarefa_a_guided,500000,24,4,4,0.764603
tarefa_a_guided,500000,24,4,4,0.697583
tarefa_a_guided,500000,24,4,4,0.723364
tarefa_a_dynamic,500000,24,4,16,0.707386
tarefa_a_dynamic,500000,24,4,16,0.744278
tarefa_a_dynamic,500000,24,4,16,0.712094
tarefa_a_dynamic,500000,24,4,16,0.733772
tarefa_a_dynamic,500000,24,4,16,0.681495
tarefa_a_guided,500000,24,4,16,0.750597
tarefa_a_guided,500000,24,4,16,0.722669
tarefa_a_guided,500000,24,4,16,0.791028
tarefa_a_guided,500000,24,4,16,0.749093
tarefa_a_guided,500000,24,4,16,0.738710
tarefa_a_dynamic,500000,24,4,64,0.711738
tarefa_a_dynamic,500000,24,4,64,0.762498
tarefa_a_dynamic,500000,24,4,64,0.713414
tarefa_a_dynamic,500000,24,4,64,0.716961
tarefa_a_dynamic,500000,24,4,64,0.749459
tarefa_a_guided,500000,24,4,64,0.693539
tarefa_a_guided,500000,24,4,64,0.733772
tarefa_a_guided,500000,24,4,64,0.768713
tarefa_a_guided,500000,24,4,64,0.728283
tarefa_a_guided,500000,24,4,64,0.738654
tarefa_a_static,500000,24,8,NA,0.518143
tarefa_a_static,500000,24,8,NA,0.474988
tarefa_a_static,500000,24,8,NA,0.485554
tarefa_a_static,500000,24,8,NA,0.501445
tarefa_a_static,500000,24,8,NA,0.494650
tarefa_a_dynamic,500000,24,8,1,0.470332
tarefa_a_dynamic,500000,24,8,1,0.460425
tarefa_a_dynamic,500000,24,8,1,0.478166
tarefa_a_dynamic,500000,24,8,1,0.487353
tarefa_a_dynamic,500000,24,8,1,0.466883
tarefa_a_guided,500000,24,8,1,0.463907
tarefa_a_guided,500000,24,8,1,0.498679
tarefa_a_guided,500000,24,8,1,0.500034
tarefa_a_guided,500000,24,8,1,0.485531
tarefa_a_guided,500000,24,8,1,0.491934
tarefa_a_dynamic,500000,24,8,4,0.470155
tarefa_a_dynamic,500000,24,8,4,0.465140
tarefa_a_dynamic,500000,24,8,4,0.470543
tarefa_a_dynamic,500000,24,8,4,0.472015
tarefa_a_dynamic,500000,24,8,4,0.470935
tarefa_a_guided,500000,24,8,4,0.476786
tarefa_a_guided,500000,24,8,4,0.475781
tarefa_a_guided,500000,24,8,4,0.497465
tarefa_a_guided,500000,24,8,4,0.484038
tarefa_a_guided,500000,24,8,4,0.467769
tarefa_a_dynamic,500000,24,8,16,0.470862
tarefa_a_dynamic,500000,24,8,16,0.479444
tarefa_a_dynamic,500000,24,8,16,0.477795
tarefa_a_dynamic,500000,24,8,16,0.466371
tarefa_a_dynamic,500000,24,8,16,0.469613
tarefa_a_guided,500000,24,8,16,0.472294
tarefa_a_guided,500000,24,8,16,0.472084
tarefa_a_guided,500000,24,8,16,0.502641
tarefa_a_guided,500000,24,8,16,0.489166
tarefa_a_guided,500000,24,8,16,0.484273
tarefa_a_dynamic,500000,24,8,64,0.470511
tarefa_a_dynamic,500000,24,8,64,0.473174
tarefa_a_dynamic,500000,24,8,64,0.469836
tarefa_a_dynamic,500000,24,8,64,0.464916
tarefa_a_dynamic,500000,24,8,64,0.471025
tarefa_a_guided,500000,24,8,64,0.501702
tarefa_a_guided,500000,24,8,64,0.513488
tarefa_a_guided,500000,24,8,64,0.485185
tarefa_a_guided,500000,24,8,64,0.500821
tarefa_a_guided,500000,24,8,64,0.462345
tarefa_a_static,500000,24,16,NA,0.451871
tarefa_a_static,500000,24,16,NA,0.465525
tarefa_a_static,500000,24,16,NA,0.463078
tarefa_a_static,500000,24,16,NA,0.440674
tarefa_a_static,500000,24,16,NA,0.453951
tarefa_a_dynamic,500000,24,16,1,0.424473
tarefa_a_dynamic,500000,24,16,1,0.447146
tarefa_a_dynamic,500000,24,16,1,0.425758
tarefa_a_dynamic,500000,24,16,1,0.432051
tarefa_a_dynamic,500000,24,16,1,0.427250
tarefa_a_guided,500000,24,16,1,0.432275
tarefa_a_guided,500000,24,16,1,0.485925
tarefa_a_guided,500000,24,16,1,0.457262
tarefa_a_guided,500000,24,16,1,0.459285
tarefa_a_guided,500000,24,16,1,0.449345
tarefa_a_dynamic,500000,24,16,4,0.423172
tarefa_a_dynamic,500000,24,16,4,0.442380
tarefa_a_dynamic,500000,24,16,4,0.428719
tarefa_a_dynamic,500000,24,16,4,0.427650
tarefa_a_dynamic,500000,24,16,4,0.424447
tarefa_a_guided,500000,24,16,4,0.443578
tarefa_a_guided,500000,24,16,4,0.455262
tarefa_a_guided,500000,24,16,4,0.476383
tarefa_a_guided,500000,24,16,4,0.450092
tarefa_a_guided,500000,24,16,4,0.430970
tarefa_a_dynamic,500000,24,16,16,0.423996
tarefa_a_dynamic,500000,24,16,16,0.429796
tarefa_a_dynamic,500000,24,16,16,0.440056
tarefa_a_dynamic,500000,24,16,16,0.426664
tarefa_a_dynamic,500000,24,16,16,0.427474
tarefa_a_guided,500000,24,16,16,0.450377
tarefa_a_guided,500000,24,16,16,0.428628
tarefa_a_guided,500000,24,16,16,0.444405
tarefa_a_guided,500000,24,16,16,0.437062
tarefa_a_guided,500000,24,16,16,0.457928
tarefa_a_dynamic,500000,24,16,64,0.425767
tarefa_a_dynamic,500000,24,16,64,0.437401
tarefa_a_dynamic,500000,24,16,64,0.448849
tarefa_a_dynamic,500000,24,16,64,0.427685
tarefa_a_dynamic,500000,24,16,64,0.426195
tarefa_a_guided,500000,24,16,64,0.458297
tarefa_a_guided,500000,24,16,64,0.449173
tarefa_a_guided,500000,24,16,64,0.450453
tarefa_a_guided,500000,24,16,64,0.457032
tarefa_a_guided,500000,24,16,64,0.449311
tarefa_a_seq,500000,28,1,NA,13.402833
tarefa_a_seq,500000,28,1,NA,13.407308
tarefa_a_seq,500000,28,1,NA,13.390902
tarefa_a_seq,500000,28,1,NA,13.411922
tarefa_a_seq,500000,28,1,NA,13.353975
tarefa_a_static,500000,28,1,NA,13.574294
tarefa_a_static,500000,28,1,NA,13.446135
tarefa_a_static,500000,28,1,NA,13.444808
tarefa_a_static,500000,28,1,NA,13.495318
tarefa_a_static,500000,28,1,NA,13.451378
tarefa_a_dynamic,500000,28,1,1,13.588471
tarefa_a_dynamic,500000,28,1,1,13.451571
tarefa_a_dynamic,500000,28,1,1,13.563002
tarefa_a_dynamic,500000,28,1,1,13.462592
tarefa_a_dynamic,500000,28,1,1,13.452485
tarefa_a_guided,500000,28,1,1,13.475809
tarefa_a_guided,500000,28,1,1,13.424590
tarefa_a_guided,500000,28,1,1,13.466497
tarefa_a_guided,500000,28,1,1,13.413679
tarefa_a_guided,500000,28,1,1,13.412860
tarefa_a_dynamic,500000,28,1,4,13.417873
tarefa_a_dynamic,500000,28,1,4,13.404082
tarefa_a_dynamic,500000,28,1,4,13.444768
tarefa_a_dynamic,500000,28,1,4,13.462500
tarefa_a_dynamic,500000,28,1,4,13.459096
tarefa_a_guided,500000,28,1,4,13.465004
tarefa_a_guided,500000,28,1,4,13.431742
tarefa_a_guided,500000,28,1,4,13.500332
tarefa_a_guided,500000,28,1,4,13.494988
tarefa_a_guided,500000,28,1,4,13.530114
tarefa_a_dynamic,500000,28,1,16,13.489069
tarefa_a_dynamic,500000,28,1,16,13.526824
tarefa_a_dynamic,500000,28,1,16,13.485037
tarefa_a_dynamic,500000,28,1,16,13.440925
tarefa_a_dynamic,500000,28,1,16,13.447805
tarefa_a_guided,500000,28,1,16,13.495719
tarefa_a_guided,500000,28,1,16,13.477806
tarefa_a_guided,500000,28,1,16,13.499388
tarefa_a_guided,500000,28,1,16,13.427706
tarefa_a_guided,500000,28,1,16,13.478398
tarefa_a_dynamic,500000,28,1,64,13.445721
tarefa_a_dynamic,500000,28,1,64,13.419340
tarefa_a_dynamic,500000,28,1,64,13.452546
tarefa_a_dynamic,500000,28,1,64,13.462789
tarefa_a_dynamic,500000,28,1,64,13.464986
tarefa_a_guided,500000,28,1,64,13.418750
tarefa_a_guided,500000,28,1,64,13.556579
tarefa_a_guided,500000,28,1,64,13.423045
tarefa_a_guided,500000,28,1,64,13.498479
tarefa_a_guided,500000,28,1,64,13.512878
tarefa_a_static,500000,28,2,NA,7.380126
tarefa_a_static,500000,28,2,NA,7.349518
tarefa_a_static,500000,28,2,NA,7.254829
tarefa_a_static,500000,28,2,NA,7.174585
tarefa_a_static,500000,28,2,NA,7.355721
tarefa_a_dynamic,500000,28,2,1,7.227006
tarefa_a_dynamic,500000,28,2,1,7.384071
tarefa_a_dynamic,500000,28,2,1,7.502430
tarefa_a_dynamic,500000,28,2,1,7.501148
tarefa_a_dynamic,500000,28,2,1,7.325344
tarefa_a_guided,500000,28,2,1,7.330929
tarefa_a_guided,500000,28,2,1,7.468364
tarefa_a_guided,500000,28,2,1,7.435663
tarefa_a_guided,500000,28,2,1,7.314165
tarefa_a_guided,500000,28,2,1,7.271566
tarefa_a_dynamic,500000,28,2,4,7.440809
tarefa_a_dynamic,500000,28,2,4,7.419290
tarefa_a_dynamic,500000,28,2,4,7.208624
tarefa_a_dynamic,500000,28,2,4,7.175346
tarefa_a_dynamic,500000,28,2,4,7.261205
tarefa_a_guided,500000,28,2,4,7.210522
tarefa_a_guided,500000,28,2,4,7.257537
tarefa_a_guided,500000,28,2,4,7.250490
tarefa_a_guided,500000,28,2,4,7.341192
tarefa_a_guided,500000,28,2,4,7.507316
tarefa_a_dynamic,500000,28,2,16,7.454563
tarefa_a_dynamic,500000,28,2,16,7.556485
tarefa_a_dynamic,500000,28,2,16,7.593485
tarefa_a_dynamic,500000,28,2,16,7.521763
tarefa_a_dynamic,500000,28,2,16,7.378221
tarefa_a_guided,500000,28,2,16,7.366915
tarefa_a_guided,500000,28,2,16,7.293554
tarefa_a_guided,500000,28,2,16,7.334305
tarefa_a_guided,500000,28,2,16,7.468134
tarefa_a_guided,500000,28,2,16,7.404297
tarefa_a_dynamic,500000,28,2,64,7.338129
tarefa_a_dynamic,500000,28,2,64,7.278825
tarefa_a_dynamic,500000,28,2,64,7.326727
tarefa_a_dynamic,500000,28,2,64,7.223640
tarefa_a_dynamic,500000,28,2,64,7.307375
tarefa_a_guided,500000,28,2,64,7.383537
tarefa_a_guided,500000,28,2,64,7.368011
tarefa_a_guided,500000,28,2,64,7.376878
tarefa_a_guided,500000,28,2,64,7.184999
tarefa_a_guided,500000,28,2,64,7.340345
tarefa_a_static,500000,28,4,NA,4.262585
tarefa_a_static,500000,28,4,NA,4.184520
tarefa_a_static,500000,28,4,NA,4.323524
tarefa_a_static,500000,28,4,NA,4.248526
tarefa_a_static,500000,28,4,NA,4.248133
tarefa_a_dynamic,500000,28,4,1,4.246765
tarefa_a_dynamic,500000,28,4,1,4.088222
tarefa_a_dynamic,500000,28,4,1,4.251036
tarefa_a_dynamic,500000,28,4,1,4.185974
tarefa_a_dynamic,500000,28,4,1,4.201267
tarefa_a_guided,500000,28,4,1,4.379913
tarefa_a_guided,500000,28,4,1,4.209830
tarefa_a_guided,500000,28,4,1,4.186802
tarefa_a_guided,500000,28,4,1,4.263560
tarefa_a_guided,500000,28,4,1,4.181602
tarefa_a_dynamic,500000,28,4,4,4.119546
tarefa_a_dynamic,500000,28,4,4,4.177607
tarefa_a_dynamic,500000,28,4,4,4.263123
tarefa_a_dynamic,500000,28,4,4,4.147725
tarefa_a_dynamic,500000,28,4,4,4.140791
tarefa_a_guided,500000,28,4,4,4.142057
tarefa_a_guided,500000,28,4,4,4.127377
tarefa_a_guided,500000,28,4,4,4.092079
tarefa_a_guided,500000,28,4,4,4.261380
tarefa_a_guided,500000,28,4,4,4.127213
tarefa_a_dynamic,500000,28,4,16,4.180622
tarefa_a_dynamic,500000,28,4,16,4.218785
tarefa_a_dynamic,500000,28,4,16,4.102093
tarefa_a_dynamic,500000,28,4,16,4.307256
tarefa_a_dynamic,500000,28,4,16,4.145135
tarefa_a_guided,500000,28,4,16,4.255799
tarefa_a_guided,500000,28,4,16,4.274913
tarefa_a_guided,500000,28,4,16,4.223026
tarefa_a_guided,500000,28,4,16,4.117748
tarefa_a_guided,500000,28,4,16,4.244159
tarefa_a_dynamic,500000,28,4,64,4.134979
tarefa_a_dynamic,500000,28,4,64,4.267775
tarefa_a_dynamic,500000,28,4,64,4.238263
tarefa_a_dynamic,500000,28,4,64,4.214726
tarefa_a_dynamic,500000,28,4,64,4.339497
tarefa_a_guided,500000,28,4,64,4.092196
tarefa_a_guided,500000,28,4,64,4.351250
tarefa_a_guided,500000,28,4,64,4.182507
tarefa_a_guided,500000,28,4,64,4.274865
tarefa_a_guided,500000,28,4,64,4.240621
tarefa_a_static,500000,28,8,NA,2.899659
tarefa_a_static,500000,28,8,NA,2.868831
tarefa_a_static,500000,28,8,NA,2.934502
tarefa_a_static,500000,28,8,NA,2.871776
tarefa_a_static,500000,28,8,NA,2.921063
tarefa_a_dynamic,500000,28,8,1,2.823619
tarefa_a_dynamic,500000,28,8,1,2.839520
tarefa_a_dynamic,500000,28,8,1,2.854775
tarefa_a_dynamic,500000,28,8,1,2.866685
tarefa_a_dynamic,500000,28,8,1,2.848563
tarefa_a_guided,500000,28,8,1,2.848794
tarefa_a_guided,500000,28,8,1,2.914186
tarefa_a_guided,500000,28,8,1,2.898339
tarefa_a_guided,500000,28,8,1,2.829353
tarefa_a_guided,500000,28,8,1,2.910108
tarefa_a_dynamic,500000,28,8,4,2.861373
tarefa_a_dynamic,500000,28,8,4,2.844615
tarefa_a_dynamic,500000,28,8,4,2.813660
tarefa_a_dynamic,500000,28,8,4,2.832939
tarefa_a_dynamic,500000,28,8,4,2.815770
tarefa_a_guided,500000,28,8,4,2.880246
tarefa_a_guided,500000,28,8,4,2.835523
tarefa_a_guided,500000,28,8,4,2.853245
tarefa_a_guided,500000,28,8,4,2.854268
tarefa_a_guided,500000,28,8,4,2.815948
tarefa_a_dynamic,500000,28,8,16,2.846075
tarefa_a_dynamic,500000,28,8,16,2.837946
tarefa_a_dynamic,500000,28,8,16,2.877121
tarefa_a_dynamic,500000,28,8,16,2.843871
tarefa_a_dynamic,500000,28,8,16,2.826968
tarefa_a_guided,500000,28,8,16,2.886392
tarefa_a_guided,500000,28,8,16,2.845993
tarefa_a_guided,500000,28,8,16,2.896213
tarefa_a_guided,500000,28,8,16,2.844540
tarefa_a_guided,500000,28,8,16,2.874470
tarefa_a_dynamic,500000,28,8,64,2.855945
tarefa_a_dynamic,500000,28,8,64,2.842119
tarefa_a_dynamic,500000,28,8,64,2.887202
tarefa_a_dynamic,500000,28,8,64,2.912397
tarefa_a_dynamic,500000,28,8,64,2.874494
tarefa_a_guided,500000,28,8,64,2.861189
tarefa_a_guided,500000,28,8,64,2.808479
tarefa_a_guided,500000,28,8,64,2.874497
tarefa_a_guided,500000,28,8,64,2.842099
tarefa_a_guided,500000,28,8,64,2.836776
tarefa_a_static,500000,28,16,NA,2.680210
tarefa_a_static,500000,28,16,NA,2.698868
tarefa_a_static,500000,28,16,NA,2.643145
tarefa_a_static,500000,28,16,NA,2.679147
tarefa_a_static,500000,28,16,NA,2.709689
tarefa_a_dynamic,500000,28,16,1,2.608490
tarefa_a_dynamic,500000,28,16,1,2.596146
tarefa_a_dynamic,500000,28,16,1,2.606459
tarefa_a_dynamic,500000,28,16,1,2.595773
tarefa_a_dynamic,500000,28,16,1,2.633073
tarefa_a_guided,500000,28,16,1,2.595665
tarefa_a_guided,500000,28,16,1,2.609469
tarefa_a_guided,500000,28,16,1,2.631203
tarefa_a_guided,500000,28,16,1,2.728619
tarefa_a_guided,500000,28,16,1,2.586881
tarefa_a_dynamic,500000,28,16,4,2.611038
tarefa_a_dynamic,500000,28,16,4,2.623641
tarefa_a_dynamic,500000,28,16,4,2.609530
tarefa_a_dynamic,500000,28,16,4,2.646667
tarefa_a_dynamic,500000,28,16,4,2.614597
tarefa_a_guided,500000,28,16,4,2.673133
tarefa_a_guided,500000,28,16,4,2.685164
tarefa_a_guided,500000,28,16,4,2.647518
tarefa_a_guided,500000,28,16,4,2.669945
tarefa_a_guided,500000,28,16,4,2.652943
tarefa_a_dynamic,500000,28,16,16,2.598754
tarefa_a_dynamic,500000,28,16,16,2.603361
tarefa_a_dynamic,500000,28,16,16,2.598376
tarefa_a_dynamic,500000,28,16,16,2.610350
tarefa_a_dynamic,500000,28,16,16,2.602759
tarefa_a_guided,500000,28,16,16,2.702688
tarefa_a_guided,500000,28,16,16,2.638871
tarefa_a_guided,500000,28,16,16,2.673810
tarefa_a_guided,500000,28,16,16,2.687844
tarefa_a_guided,500000,28,16,16,2.646780
tarefa_a_dynamic,500000,28,16,64,2.598512
tarefa_a_dynamic,500000,28,16,64,2.607443
tarefa_a_dynamic,500000,28,16,64,2.611145
tarefa_a_dynamic,500000,28,16,64,2.609325
tarefa_a_dynamic,500000,28,16,64,2.596391
tarefa_a_guided,500000,28,16,64,2.636561
tarefa_a_guided,500000,28,16,64,2.678633
tarefa_a_guided,500000,28,16,64,2.764468
tarefa_a_guided,500000,28,16,64,2.758051
tarefa_a_guided,500000,28,16,64,2.739423
tarefa_a_seq,1000000,20,1,NA,0.768187
tarefa_a_seq,1000000,20,1,NA,0.757568
tarefa_a_seq,1000000,20,1,NA,0.756874
tarefa_a_seq,1000000,20,1,NA,0.757352
tarefa_a_seq,1000000,20,1,NA,0.768722
tarefa_a_static,1000000,20,1,NA,0.744322
tarefa_a_static,1000000,20,1,NA,0.735309
tarefa_a_static,1000000,20,1,NA,0.729212
tarefa_a_static,1000000,20,1,NA,0.734262
tarefa_a_static,1000000,20,1,NA,0.735243
tarefa_a_dynamic,1000000,20,1,1,0.742747
tarefa_a_dynamic,1000000,20,1,1,0.753226
tarefa_a_dynamic,1000000,20,1,1,0.749226
tarefa_a_dynamic,1000000,20,1,1,0.747681
tarefa_a_dynamic,1000000,20,1,1,0.757772
tarefa_a_guided,1000000,20,1,1,0.744973
tarefa_a_guided,1000000,20,1,1,0.741599
tarefa_a_guided,1000000,20,1,1,0.751250
tarefa_a_guided,1000000,20,1,1,0.747208
tarefa_a_guided,1000000,20,1,1,0.759357
tarefa_a_dynamic,1000000,20,1,4,0.767957
tarefa_a_dynamic,1000000,20,1,4,0.764854
tarefa_a_dynamic,1000000,20,1,4,0.772153
tarefa_a_dynamic,1000000,20,1,4,0.765821
tarefa_a_dynamic,1000000,20,1,4,0.766755
tarefa_a_guided,1000000,20,1,4,0.748762
tarefa_a_guided,1000000,20,1,4,0.752609
tarefa_a_guided,1000000,20,1,4,0.749074
tarefa_a_guided,1000000,20,1,4,0.750780
tarefa_a_guided,1000000,20,1,4,0.753903
tarefa_a_dynamic,1000000,20,1,16,0.752881
tarefa_a_dynamic,1000000,20,1,16,0.753124
tarefa_a_dynamic,1000000,20,1,16,0.754863
tarefa_a_dynamic,1000000,20,1,16,0.754382
tarefa_a_dynamic,1000000,20,1,16,0.749854
tarefa_a_guided,1000000,20,1,16,0.748033
tarefa_a_guided,1000000,20,1,16,0.743831
tarefa_a_guided,1000000,20,1,16,0.745905
tarefa_a_guided,1000000,20,1,16,0.749594
tarefa_a_guided,1000000,20,1,16,0.748533
tarefa_a_dynamic,1000000,20,1,64,0.746353
tarefa_a_dynamic,1000000,20,1,64,0.746635
tarefa_a_dynamic,1000000,20,1,64,0.743709
tarefa_a_dynamic,1000000,20,1,64,0.743763
tarefa_a_dynamic,1000000,20,1,64,0.746547
tarefa_a_guided,1000000,20,1,64,0.747522
tarefa_a_guided,1000000,20,1,64,0.740912
tarefa_a_guided,1000000,20,1,64,0.745516
tarefa_a_guided,1000000,20,1,64,0.740581
tarefa_a_guided,1000000,20,1,64,0.740104
tarefa_a_static,1000000,20,2,NA,0.395163
tarefa_a_static,1000000,20,2,NA,0.427117
tarefa_a_static,1000000,20,2,NA,0.385737
tarefa_a_static,1000000,20,2,NA,0.395483
tarefa_a_static,1000000,20,2,NA,0.398895
tarefa_a_dynamic,1000000,20,2,1,0.392895
tarefa_a_dynamic,1000000,20,2,1,0.402046
tarefa_a_dynamic,1000000,20,2,1,0.423401
tarefa_a_dynamic,1000000,20,2,1,0.363645
tarefa_a_dynamic,1000000,20,2,1,0.403428
tarefa_a_guided,1000000,20,2,1,0.409444
tarefa_a_guided,1000000,20,2,1,0.451826
tarefa_a_guided,1000000,20,2,1,0.389367
tarefa_a_guided,1000000,20,2,1,0.407875
tarefa_a_guided,1000000,20,2,1,0.390349
tarefa_a_dynamic,1000000,20,2,4,0.396946
tarefa_a_dynamic,1000000,20,2,4,0.388103
tarefa_a_dynamic,1000000,20,2,4,0.432033
tarefa_a_dynamic,1000000,20,2,4,0.388006
tarefa_a_dynamic,1000000,20,2,4,0.399086
tarefa_a_guided,1000000,20,2,4,0.404618
tarefa_a_guided,1000000,20,2,4,0.414610
tarefa_a_guided,1000000,20,2,4,0.384914
tarefa_a_guided,1000000,20,2,4,0.412576
tarefa_a_guided,1000000,20,2,4,0.381598
tarefa_a_dynamic,1000000,20,2,16,0.379112
tarefa_a_dynamic,1000000,20,2,16,0.396993
tarefa_a_dynamic,1000000,20,2,16,0.394627
tarefa_a_dynamic,1000000,20,2,16,0.397543
tarefa_a_dynamic,1000000,20,2,16,0.384434
tarefa_a_guided,1000000,20,2,16,0.416806
tarefa_a_guided,1000000,20,2,16,0.413943
tarefa_a_guided,1000000,20,2,16,0.406053
tarefa_a_guided,1000000,20,2,16,0.387037
tarefa_a_guided,1000000,20,2,16,0.387684
tarefa_a_dynamic,1000000,20,2,64,0.376805
tarefa_a_dynamic,1000000,20,2,64,0.449074
tarefa_a_dynamic,1000000,20,2,64,0.383767
tarefa_a_dynamic,1000000,20,2,64,0.375980
tarefa_a_dynamic,1000000,20,2,64,0.404307
tarefa_a_guided,1000000,20,2,64,0.393938
tarefa_a_guided,1000000,20,2,64,0.379561
tarefa_a_guided,1000000,20,2,64,0.404564
tarefa_a_guided,1000000,20,2,64,0.420102
tarefa_a_guided,1000000,20,2,64,0.404057
tarefa_a_static,1000000,20,4,NA,0.227116
tarefa_a_static,1000000,20,4,NA,0.210492
tarefa_a_static,1000000,20,4,NA,0.220412
tarefa_a_static,1000000,20,4,NA,0.252017
tarefa_a_static,1000000,20,4,NA,0.235840
tarefa_a_dynamic,1000000,20,4,1,0.239643
tarefa_a_dynamic,1000000,20,4,1,0.216416
tarefa_a_dynamic,1000000,20,4,1,0.210819
tarefa_a_dynamic,1000000,20,4,1,0.221872
tarefa_a_dynamic,1000000,20,4,1,0.240401
tarefa_a_guided,1000000,20,4,1,0.223556
tarefa_a_guided,1000000,20,4,1,0.216776
tarefa_a_guided,1000000,20,4,1,0.225675
tarefa_a_guided,1000000,20,4,1,0.227983
tarefa_a_guided,1000000,20,4,1,0.217278
tarefa_a_dynamic,1000000,20,4,4,0.233340
tarefa_a_dynamic,1000000,20,4,4,0.219663
tarefa_a_dynamic,1000000,20,4,4,0.231953
tarefa_a_dynamic,1000000,20,4,4,0.215449
tarefa_a_dynamic,1000000,20,4,4,0.239777
tarefa_a_guided,1000000,20,4,4,0.223784
tarefa_a_guided,1000000,20,4,4,0.215380
tarefa_a_guided,1000000,20,4,4,0.233984
tarefa_a_guided,1000000,20,4,4,0.244282
tarefa_a_guided,1000000,20,4,4,0.208707
tarefa_a_dynamic,1000000,20,4,16,0.227397
tarefa_a_dynamic,1000000,20,4,16,0.219553
tarefa_a_dynamic,1000000,20,4,16,0.223514
tarefa_a_dynamic,1000000,20,4,16,0.214035
tarefa_a_dynamic,1000000,20,4,16,0.255551
tarefa_a_guided,1000000,20,4,16,0.220322
tarefa_a_guided,1000000,20,4,16,0.241210
tarefa_a_guided,1000000,20,4,16,0.227256
tarefa_a_guided,1000000,20,4,16,0.224103
tarefa_a_guided,1000000,20,4,16,0.217757
tarefa_a_dynamic,1000000,20,4,64,0.228898
tarefa_a_dynamic,1000000,20,4,64,0.219941
tarefa_a_dynamic,1000000,20,4,64,0.206465
tarefa_a_dynamic,1000000,20,4,64,0.220425
tarefa_a_dynamic,1000000,20,4,64,0.231698
tarefa_a_guided,1000000,20,4,64,0.257719
tarefa_a_guided,1000000,20,4,64,0.246417
tarefa_a_guided,1000000,20,4,64,0.222068
tarefa_a_guided,1000000,20,4,64,0.206994
tarefa_a_guided,1000000,20,4,64,0.228588
tarefa_a_static,1000000,20,8,NA,0.171953
tarefa_a_static,1000000,20,8,NA,0.159296
tarefa_a_static,1000000,20,8,NA,0.159851
tarefa_a_static,1000000,20,8,NA,0.155745
tarefa_a_static,1000000,20,8,NA,0.161120
tarefa_a_dynamic,1000000,20,8,1,0.161782
tarefa_a_dynamic,1000000,20,8,1,0.159326
tarefa_a_dynamic,1000000,20,8,1,0.157321
tarefa_a_dynamic,1000000,20,8,1,0.155201
tarefa_a_dynamic,1000000,20,8,1,0.149815
tarefa_a_guided,1000000,20,8,1,0.157136
tarefa_a_guided,1000000,20,8,1,0.157462
tarefa_a_guided,1000000,20,8,1,0.152382
tarefa_a_guided,1000000,20,8,1,0.150887
tarefa_a_guided,1000000,20,8,1,0.153348
tarefa_a_dynamic,1000000,20,8,4,0.148636
tarefa_a_dynamic,1000000,20,8,4,0.154365
tarefa_a_dynamic,1000000,20,8,4,0.152426
tarefa_a_dynamic,1000000,20,8,4,0.153638
tarefa_a_dynamic,1000000,20,8,4,0.152637
tarefa_a_guided,1000000,20,8,4,0.166273
tarefa_a_guided,1000000,20,8,4,0.164596
tarefa_a_guided,1000000,20,8,4,0.160454
tarefa_a_guided,1000000,20,8,4,0.149884
tarefa_a_guided,1000000,20,8,4,0.150038
tarefa_a_dynamic,1000000,20,8,16,0.156664
tarefa_a_dynamic,1000000,20,8,16,0.156909
tarefa_a_dynamic,1000000,20,8,16,0.145087
tarefa_a_dynamic,1000000,20,8,16,0.153292
tarefa_a_dynamic,1000000,20,8,16,0.153241
tarefa_a_guided,1000000,20,8,16,0.158979
tarefa_a_guided,1000000,20,8,16,0.168222
tarefa_a_guided,1000000,20,8,16,0.164104
tarefa_a_guided,1000000,20,8,16,0.153184
tarefa_a_guided,1000000,20,8,16,0.160695
tarefa_a_dynamic,1000000,20,8,64,0.152198
tarefa_a_dynamic,1000000,20,8,64,0.151704
tarefa_a_dynamic,1000000,20,8,64,0.147795
tarefa_a_dynamic,1000000,20,8,64,0.158968
tarefa_a_dynamic,1000000,20,8,64,0.146978
tarefa_a_guided,1000000,20,8,64,0.158204
tarefa_a_guided,1000000,20,8,64,0.151231
tarefa_a_guided,1000000,20,8,64,0.148479
tarefa_a_guided,1000000,20,8,64,0.157451
tarefa_a_guided,1000000,20,8,64,0.154151
tarefa_a_static,1000000,20,16,NA,0.147080
tarefa_a_static,1000000,20,16,NA,0.145843
tarefa_a_static,1000000,20,16,NA,0.148725
tarefa_a_static,1000000,20,16,NA,0.155306
tarefa_a_static,1000000,20,16,NA,0.161869
tarefa_a_dynamic,1000000,20,16,1,0.138093
tarefa_a_dynamic,1000000,20,16,1,0.140532
tarefa_a_dynamic,1000000,20,16,1,0.139942
tarefa_a_dynamic,1000000,20,16,1,0.137850
tarefa_a_dynamic,1000000,20,16,1,0.139112
tarefa_a_guided,1000000,20,16,1,0.147023
tarefa_a_guided,1000000,20,16,1,0.140919
tarefa_a_guided,1000000,20,16,1,0.145881
tarefa_a_guided,1000000,20,16,1,0.143121
tarefa_a_guided,1000000,20,16,1,0.140183
tarefa_a_dynamic,1000000,20,16,4,0.137116
tarefa_a_dynamic,1000000,20,16,4,0.136176
tarefa_a_dynamic,1000000,20,16,4,0.136560
tarefa_a_dynamic,1000000,20,16,4,0.135849
tarefa_a_dynamic,1000000,20,16,4,0.135326
tarefa_a_guided,1000000,20,16,4,0.164623
tarefa_a_guided,1000000,20,16,4,0.153619
tarefa_a_guided,1000000,20,16,4,0.141407
tarefa_a_guided,1000000,20,16,4,0.141788
tarefa_a_guided,1000000,20,16,4,0.144387
tarefa_a_dynamic,1000000,20,16,16,0.135316
tarefa_a_dynamic,1000000,20,16,16,0.134873
tarefa_a_dynamic,1000000,20,16,16,0.135031
tarefa_a_dynamic,1000000,20,16,16,0.134205
tarefa_a_dynamic,1000000,20,16,16,0.137079
tarefa_a_guided,1000000,20,16,16,0.146273
tarefa_a_guided,1000000,20,16,16,0.139967
tarefa_a_guided,1000000,20,16,16,0.137364
tarefa_a_guided,1000000,20,16,16,0.141179
tarefa_a_guided,1000000,20,16,16,0.142999
tarefa_a_dynamic,1000000,20,16,64,0.133830
tarefa_a_dynamic,1000000,20,16,64,0.156051
tarefa_a_dynamic,1000000,20,16,64,0.140502
tarefa_a_dynamic,1000000,20,16,64,0.135338
tarefa_a_dynamic,1000000,20,16,64,0.135111
tarefa_a_guided,1000000,20,16,64,0.144661
tarefa_a_guided,1000000,20,16,64,0.144484
tarefa_a_guided,1000000,20,16,64,0.135506
tarefa_a_guided,1000000,20,16,64,0.144519
tarefa_a_guided,1000000,20,16,64,0.144233
tarefa_a_seq,1000000,24,1,NA,4.627927
tarefa_a_seq,1000000,24,1,NA,4.580930
tarefa_a_seq,1000000,24,1,NA,4.568889
tarefa_a_seq,1000000,24,1,NA,4.564909
tarefa_a_seq,1000000,24,1,NA,4.577796
tarefa_a_static,1000000,24,1,NA,4.612287
tarefa_a_static,1000000,24,1,NA,4.607577
tarefa_a_static,1000000,24,1,NA,4.605412
tarefa_a_static,1000000,24,1,NA,4.601673
tarefa_a_static,1000000,24,1,NA,4.612212
tarefa_a_dynamic,1000000,24,1,1,4.649313
tarefa_a_dynamic,1000000,24,1,1,4.608350
tarefa_a_dynamic,1000000,24,1,1,4.640675
tarefa_a_dynamic,1000000,24,1,1,4.641378
tarefa_a_dynamic,1000000,24,1,1,4.618843
tarefa_a_guided,1000000,24,1,1,4.618370
tarefa_a_guided,1000000,24,1,1,4.615584
tarefa_a_guided,1000000,24,1,1,4.602383
tarefa_a_guided,1000000,24,1,1,4.596419
tarefa_a_guided,1000000,24,1,1,4.608587
tarefa_a_dynamic,1000000,24,1,4,4.599783
tarefa_a_dynamic,1000000,24,1,4,4.617301
tarefa_a_dynamic,1000000,24,1,4,4.622645
tarefa_a_dynamic,1000000,24,1,4,4.595270
tarefa_a_dynamic,1000000,24,1,4,4.604629
tarefa_a_guided,1000000,24,1,4,4.608342
tarefa_a_guided,1000000,24,1,4,4.612643
tarefa_a_guided,1000000,24,1,4,4.628102
tarefa_a_guided,1000000,24,1,4,4.601459
tarefa_a_guided,1000000,24,1,4,4.592320
tarefa_a_dynamic,1000000,24,1,16,4.601641
tarefa_a_dynamic,1000000,24,1,16,4.603691
tarefa_a_dynamic,1000000,24,1,16,4.592505
tarefa_a_dynamic,1000000,24,1,16,4.597474
tarefa_a_dynamic,1000000,24,1,16,4.609256
tarefa_a_guided,1000000,24,1,16,4.640690
tarefa_a_guided,1000000,24,1,16,4.622679
tarefa_a_guided,1000000,24,1,16,4.614119
tarefa_a_guided,1000000,24,1,16,4.578065
tarefa_a_guided,1000000,24,1,16,4.593706
tarefa_a_dynamic,1000000,24,1,64,4.587752
tarefa_a_dynamic,1000000,24,1,64,4.560954
tarefa_a_dynamic,1000000,24,1,64,4.624303
tarefa_a_dynamic,1000000,24,1,64,4.641661
tarefa_a_dynamic,1000000,24,1,64,4.602483
tarefa_a_guided,1000000,24,1,64,4.631714
tarefa_a_guided,1000000,24,1,64,4.575309
tarefa_a_guided,1000000,24,1,64,4.588240
tarefa_a_guided,1000000,24,1,64,4.591957
tarefa_a_guided,1000000,24,1,64,4.589443
tarefa_a_static,1000000,24,2,NA,2.492419
tarefa_a_static,1000000,24,2,NA,2.458808
tarefa_a_static,1000000,24,2,NA,2.469944
tarefa_a_static,1000000,24,2,NA,2.491055
tarefa_a_static,1000000,24,2,NA,2.428832
tarefa_a_dynamic,1000000,24,2,1,2.444678
tarefa_a_dynamic,1000000,24,2,1,2.540602
tarefa_a_dynamic,1000000,24,2,1,2.490231
tarefa_a_dynamic,1000000,24,2,1,2.412068
tarefa_a_dynamic,1000000,24,2,1,2.502334
tarefa_a_guided,1000000,24,2,1,2.603874
tarefa_a_guided,1000000,24,2,1,2.434768
tarefa_a_guided,1000000,24,2,1,2.482770
tarefa_a_guided,1000000,24,2,1,2.567307
tarefa_a_guided,1000000,24,2,1,2.464781
tarefa_a_dynamic,1000000,24,2,4,2.627196
tarefa_a_dynamic,1000000,24,2,4,2.435036
tarefa_a_dynamic,1000000,24,2,4,2.415732
tarefa_a_dynamic,1000000,24,2,4,2.463729
tarefa_a_dynamic,1000000,24,2,4,2.539345
tarefa_a_guided,1000000,24,2,4,2.516863
tarefa_a_guided,1000000,24,2,4,2.589954
tarefa_a_guided,1000000,24,2,4,2.515511
tarefa_a_guided,1000000,24,2,4,2.507382
tarefa_a_guided,1000000,24,2,4,2.426663
tarefa_a_dynamic,1000000,24,2,16,2.470116
tarefa_a_dynamic,1000000,24,2,16,2.436446
tarefa_a_dynamic,1000000,24,2,16,2.424872
tarefa_a_dynamic,1000000,24,2,16,2.529932
tarefa_a_dynamic,1000000,24,2,16,2.461498
tarefa_a_guided,1000000,24,2,16,2.621182
tarefa_a_guided,1000000,24,2,16,2.572765
tarefa_a_guided,1000000,24,2,16,2.587012
tarefa_a_guided,1000000,24,2,16,2.422069
tarefa_a_guided,1000000,24,2,16,2.449239
tarefa_a_dynamic,1000000,24,2,64,2.507309
tarefa_a_dynamic,1000000,24,2,64,2.524533
tarefa_a_dynamic,1000000,24,2,64,2.466796
tarefa_a_dynamic,1000000,24,2,64,2.466186
tarefa_a_dynamic,1000000,24,2,64,2.497331
tarefa_a_guided,1000000,24,2,64,2.570201
tarefa_a_guided,1000000,24,2,64,2.509272
tarefa_a_guided,1000000,24,2,64,2.440694
tarefa_a_guided,1000000,24,2,64,2.539435
tarefa_a_guided,1000000,24,2,64,2.666183
tarefa_a_static,1000000,24,4,NA,1.457065
tarefa_a_static,1000000,24,4,NA,1.434462
tarefa_a_static,1000000,24,4,NA,1.461020
tarefa_a_static,1000000,24,4,NA,1.400268
tarefa_a_static,1000000,24,4,NA,1.406683
tarefa_a_dynamic,1000000,24,4,1,1.400961
tarefa_a_dynamic,1000000,24,4,1,1.366742
tarefa_a_dynamic,1000000,24,4,1,1.414051
tarefa_a_dynamic,1000000,24,4,1,1.403439
tarefa_a_dynamic,1000000,24,4,1,1.367280
tarefa_a_guided,1000000,24,4,1,1.389028
tarefa_a_guided,1000000,24,4,1,1.448255
tarefa_a_guided,1000000,24,4,1,1.375448
tarefa_a_guided,1000000,24,4,1,1.390923
tarefa_a_guided,1000000,24,4,1,1.431093
tarefa_a_dynamic,1000000,24,4,4,1.388073
tarefa_a_dynamic,1000000,24,4,4,1.441781
tarefa_a_dynamic,1000000,24,4,4,1.425959
tarefa_a_dynamic,1000000,24,4,4,1.424646
tarefa_a_dynamic,1000000,24,4,4,1.396766
tarefa_a_guided,1000000,24,4,4,1.453094
tarefa_a_guided,1000000,24,4,4,1.428358
tarefa_a_guided,1000000,24,4,4,1.466214
tarefa_a_guided,1000000,24,4,4,1.401939
tarefa_a_guided,1000000,24,4,4,1.404338
tarefa_a_dynamic,1000000,24,4,16,1.421521
tarefa_a_dynamic,1000000,24,4,16,1.376495
tarefa_a_dynamic,1000000,24,4,16,1.415278
tarefa_a_dynamic,1000000,24,4,16,1.422993
tarefa_a_dynamic,1000000,24,4,16,1.422988
tarefa_a_guided,1000000,24,4,16,1.406318
tarefa_a_guided,1000000,24,4,16,1.427659
tarefa_a_guided,1000000,24,4,16,1.395889
tarefa_a_guided,1000000,24,4,16,1.457507
tarefa_a_guided,1000000,24,4,16,1.410478
tarefa_a_dynamic,1000000,24,4,64,1.371802
tarefa_a_dynamic,1000000,24,4,64,1.484217
tarefa_a_dynamic,1000000,24,4,64,1.458245
tarefa_a_dynamic,1000000,24,4,64,1.390682
tarefa_a_dynamic,1000000,24,4,64,1.378257
tarefa_a_guided,1000000,24,4,64,1.403802
tarefa_a_guided,1000000,24,4,64,1.465882
tarefa_a_guided,1000000,24,4,64,1.390177
tarefa_a_guided,1000000,24,4,64,1.398060
tarefa_a_guided,1000000,24,4,64,1.407005
tarefa_a_static,1000000,24,8,NA,0.946928
tarefa_a_static,1000000,24,8,NA,1.008563
tarefa_a_static,1000000,24,8,NA,0.971995
tarefa_a_static,1000000,24,8,NA,0.987431
tarefa_a_static,1000000,24,8,NA,0.962602
tarefa_a_dynamic,1000000,24,8,1,0.961477
tarefa_a_dynamic,1000000,24,8,1,0.941888
tarefa_a_dynamic,1000000,24,8,1,0.949122
tarefa_a_dynamic,1000000,24,8,1,0.968396
tarefa_a_dynamic,1000000,24,8,1,0.992648
tarefa_a_guided,1000000,24,8,1,0.966200
tarefa_a_guided,1000000,24,8,1,0.960270
tarefa_a_guided,1000000,24,8,1,0.980373
tarefa_a_guided,1000000,24,8,1,0.994011
tarefa_a_guided,1000000,24,8,1,0.969135
tarefa_a_dynamic,1000000,24,8,4,0.949027
tarefa_a_dynamic,1000000,24,8,4,0.977041
tarefa_a_dynamic,1000000,24,8,4,0.957299
tarefa_a_dynamic,1000000,24,8,4,0.947553
tarefa_a_dynamic,1000000,24,8,4,0.947447
tarefa_a_guided,1000000,24,8,4,0.945206
tarefa_a_guided,1000000,24,8,4,0.933504
tarefa_a_guided,1000000,24,8,4,0.973702
tarefa_a_guided,1000000,24,8,4,0.945524
tarefa_a_guided,1000000,24,8,4,0.970345
tarefa_a_dynamic,1000000,24,8,16,0.940738
tarefa_a_dynamic,1000000,24,8,16,0.945352
tarefa_a_dynamic,1000000,24,8,16,0.945339
tarefa_a_dynamic,1000000,24,8,16,0.946175
tarefa_a_dynamic,1000000,24,8,16,0.953408
tarefa_a_guided,1000000,24,8,16,0.981973
tarefa_a_guided,1000000,24,8,16,0.951515
tarefa_a_guided,1000000,24,8,16,0.949764
tarefa_a_guided,1000000,24,8,16,0.939446
tarefa_a_guided,1000000,24,8,16,0.939786
tarefa_a_dynamic,1000000,24,8,64,0.926997
tarefa_a_dynamic,1000000,24,8,64,0.945550
tarefa_a_dynamic,1000000,24,8,64,0.950130
tarefa_a_dynamic,1000000,24,8,64,0.932566
tarefa_a_dynamic,1000000,24,8,64,0.969645
tarefa_a_guided,1000000,24,8,64,0.941480
tarefa_a_guided,1000000,24,8,64,0.984877
tarefa_a_guided,1000000,24,8,64,0.972486
tarefa_a_guided,1000000,24,8,64,0.955278
tarefa_a_guided,1000000,24,8,64,0.959374
tarefa_a_static,1000000,24,16,NA,0.885334
tarefa_a_static,1000000,24,16,NA,0.905817
tarefa_a_static,1000000,24,16,NA,0.901283
tarefa_a_static,1000000,24,16,NA,0.910693
tarefa_a_static,1000000,24,16,NA,0.891468
tarefa_a_dynamic,1000000,24,16,1,0.859534
tarefa_a_dynamic,1000000,24,16,1,0.877691
tarefa_a_dynamic,1000000,24,16,1,0.855726
tarefa_a_dynamic,1000000,24,16,1,0.858671
tarefa_a_dynamic,1000000,24,16,1,0.874758
tarefa_a_guided,1000000,24,16,1,0.883647
tarefa_a_guided,1000000,24,16,1,0.909277
tarefa_a_guided,1000000,24,16,1,0.885298
tarefa_a_guided,1000000,24,16,1,0.927130
tarefa_a_guided,1000000,24,16,1,0.882342
tarefa_a_dynamic,1000000,24,16,4,0.940537
tarefa_a_dynamic,1000000,24,16,4,0.938006
tarefa_a_dynamic,1000000,24,16,4,0.861993
tarefa_a_dynamic,1000000,24,16,4,0.863538
tarefa_a_dynamic,1000000,24,16,4,0.875456
tarefa_a_guided,1000000,24,16,4,0.914329
tarefa_a_guided,1000000,24,16,4,0.861809
tarefa_a_guided,1000000,24,16,4,0.877404
tarefa_a_guided,1000000,24,16,4,0.892533
tarefa_a_guided,1000000,24,16,4,0.901102
tarefa_a_dynamic,1000000,24,16,16,0.849501
tarefa_a_dynamic,1000000,24,16,16,0.848003
tarefa_a_dynamic,1000000,24,16,16,0.873804
tarefa_a_dynamic,1000000,24,16,16,0.851503
tarefa_a_dynamic,1000000,24,16,16,0.872311
tarefa_a_guided,1000000,24,16,16,0.877321
tarefa_a_guided,1000000,24,16,16,0.892984
tarefa_a_guided,1000000,24,16,16,0.886474
tarefa_a_guided,1000000,24,16,16,0.858095
tarefa_a_guided,1000000,24,16,16,0.863850
tarefa_a_dynamic,1000000,24,16,64,0.864680
tarefa_a_dynamic,1000000,24,16,64,0.854933
tarefa_a_dynamic,1000000,24,16,64,0.868349
tarefa_a_dynamic,1000000,24,16,64,0.856073
tarefa_a_dynamic,1000000,24,16,64,0.854350
tarefa_a_guided,1000000,24,16,64,0.919961
tarefa_a_guided,1000000,24,16,64,0.862348
tarefa_a_guided,1000000,24,16,64,0.925799
tarefa_a_guided,1000000,24,16,64,0.874480
tarefa_a_guided,1000000,24,16,64,0.865577
tarefa_a_seq,1000000,28,1,NA,27.285175
tarefa_a_seq,1000000,28,1,NA,26.831971
tarefa_a_seq,1000000,28,1,NA,26.925254
tarefa_a_seq,1000000,28,1,NA,26.792075
tarefa_a_seq,1000000,28,1,NA,26.804297
tarefa_a_static,1000000,28,1,NA,27.005865
tarefa_a_static,1000000,28,1,NA,27.051063
tarefa_a_static,1000000,28,1,NA,27.018102
tarefa_a_static,1000000,28,1,NA,27.011704
tarefa_a_static,1000000,28,1,NA,27.090925
tarefa_a_dynamic,1000000,28,1,1,27.243673
tarefa_a_dynamic,1000000,28,1,1,26.990200
tarefa_a_dynamic,1000000,28,1,1,27.136828
tarefa_a_dynamic,1000000,28,1,1,27.120358
tarefa_a_dynamic,1000000,28,1,1,27.062174
tarefa_a_guided,1000000,28,1,1,27.031872
tarefa_a_guided,1000000,28,1,1,26.975806
tarefa_a_guided,1000000,28,1,1,26.995259
tarefa_a_guided,1000000,28,1,1,27.070524
tarefa_a_guided,1000000,28,1,1,27.001560
tarefa_a_dynamic,1000000,28,1,4,26.921590
tarefa_a_dynamic,1000000,28,1,4,26.958040
tarefa_a_dynamic,1000000,28,1,4,26.993761
tarefa_a_dynamic,1000000,28,1,4,26.930947
tarefa_a_dynamic,1000000,28,1,4,26.881791
tarefa_a_guided,1000000,28,1,4,26.997666
tarefa_a_guided,1000000,28,1,4,27.296646
tarefa_a_guided,1000000,28,1,4,27.325053
tarefa_a_guided,1000000,28,1,4,27.326835
tarefa_a_guided,1000000,28,1,4,27.260382
tarefa_a_dynamic,1000000,28,1,16,27.060346
tarefa_a_dynamic,1000000,28,1,16,27.021149
tarefa_a_dynamic,1000000,28,1,16,27.021738
tarefa_a_dynamic,1000000,28,1,16,27.068553
tarefa_a_dynamic,1000000,28,1,16,27.026043
tarefa_a_guided,1000000,28,1,16,27.046808
tarefa_a_guided,1000000,28,1,16,27.244754
tarefa_a_guided,1000000,28,1,16,27.008021
tarefa_a_guided,1000000,28,1,16,26.977794
tarefa_a_guided,1000000,28,1,16,26.972462
tarefa_a_dynamic,1000000,28,1,64,27.029567
tarefa_a_dynamic,1000000,28,1,64,26.930973
tarefa_a_dynamic,1000000,28,1,64,26.960350
tarefa_a_dynamic,1000000,28,1,64,26.947888
tarefa_a_dynamic,1000000,28,1,64,27.013483
tarefa_a_guided,1000000,28,1,64,27.029828
tarefa_a_guided,1000000,28,1,64,27.069196
tarefa_a_guided,1000000,28,1,64,26.943988
tarefa_a_guided,1000000,28,1,64,26.939158
tarefa_a_guided,1000000,28,1,64,27.075118
tarefa_a_static,1000000,28,2,NA,14.444683
tarefa_a_static,1000000,28,2,NA,14.743788
tarefa_a_static,1000000,28,2,NA,14.616622
tarefa_a_static,1000000,28,2,NA,14.706886
tarefa_a_static,1000000,28,2,NA,15.205925
tarefa_a_dynamic,1000000,28,2,1,14.750896
tarefa_a_dynamic,1000000,28,2,1,14.836338
tarefa_a_dynamic,1000000,28,2,1,14.559971
tarefa_a_dynamic,1000000,28,2,1,14.974764
tarefa_a_dynamic,1000000,28,2,1,14.729257
tarefa_a_guided,1000000,28,2,1,14.516678
tarefa_a_guided,1000000,28,2,1,14.974589
tarefa_a_guided,1000000,28,2,1,14.897232
tarefa_a_guided,1000000,28,2,1,14.827017
tarefa_a_guided,1000000,28,2,1,15.052757
tarefa_a_dynamic,1000000,28,2,4,14.742631
tarefa_a_dynamic,1000000,28,2,4,14.524543
tarefa_a_dynamic,1000000,28,2,4,14.663499
tarefa_a_dynamic,1000000,28,2,4,14.983227
tarefa_a_dynamic,1000000,28,2,4,15.023702
tarefa_a_guided,1000000,28,2,4,14.480589
tarefa_a_guided,1000000,28,2,4,14.656990
tarefa_a_guided,1000000,28,2,4,14.721718
tarefa_a_guided,1000000,28,2,4,14.848640
tarefa_a_guided,1000000,28,2,4,14.716408
tarefa_a_dynamic,1000000,28,2,16,14.444647
tarefa_a_dynamic,1000000,28,2,16,14.686133
tarefa_a_dynamic,1000000,28,2,16,14.860545
tarefa_a_dynamic,1000000,28,2,16,14.510844
tarefa_a_dynamic,1000000,28,2,16,14.872704
tarefa_a_guided,1000000,28,2,16,14.591147
tarefa_a_guided,1000000,28,2,16,14.759905
tarefa_a_guided,1000000,28,2,16,14.530998
tarefa_a_guided,1000000,28,2,16,14.808029
tarefa_a_guided,1000000,28,2,16,14.595521
tarefa_a_dynamic,1000000,28,2,64,15.016557
tarefa_a_dynamic,1000000,28,2,64,15.148445
tarefa_a_dynamic,1000000,28,2,64,14.899381
tarefa_a_dynamic,1000000,28,2,64,14.728091
tarefa_a_dynamic,1000000,28,2,64,14.738435
tarefa_a_guided,1000000,28,2,64,14.873179
tarefa_a_guided,1000000,28,2,64,14.672317
tarefa_a_guided,1000000,28,2,64,14.880801
tarefa_a_guided,1000000,28,2,64,14.791111
tarefa_a_guided,1000000,28,2,64,15.272768
tarefa_a_static,1000000,28,4,NA,8.614920
tarefa_a_static,1000000,28,4,NA,8.587675
tarefa_a_static,1000000,28,4,NA,8.613310
tarefa_a_static,1000000,28,4,NA,8.602400
tarefa_a_static,1000000,28,4,NA,8.600848
tarefa_a_dynamic,1000000,28,4,1,8.589488
tarefa_a_dynamic,1000000,28,4,1,8.515204
tarefa_a_dynamic,1000000,28,4,1,8.345702
tarefa_a_dynamic,1000000,28,4,1,8.334313
tarefa_a_dynamic,1000000,28,4,1,8.346750
tarefa_a_guided,1000000,28,4,1,8.547792
tarefa_a_guided,1000000,28,4,1,8.448306
tarefa_a_guided,1000000,28,4,1,8.394877
tarefa_a_guided,1000000,28,4,1,8.472301
tarefa_a_guided,1000000,28,4,1,8.517143
tarefa_a_dynamic,1000000,28,4,4,8.346489
tarefa_a_dynamic,1000000,28,4,4,8.404018
tarefa_a_dynamic,1000000,28,4,4,8.503590
tarefa_a_dynamic,1000000,28,4,4,8.527461
tarefa_a_dynamic,1000000,28,4,4,8.409788
tarefa_a_guided,1000000,28,4,4,8.399924
tarefa_a_guided,1000000,28,4,4,8.354183
tarefa_a_guided,1000000,28,4,4,8.328503
tarefa_a_guided,1000000,28,4,4,8.549916
tarefa_a_guided,1000000,28,4,4,8.461390
tarefa_a_dynamic,1000000,28,4,16,8.573324
tarefa_a_dynamic,1000000,28,4,16,8.496640
tarefa_a_dynamic,1000000,28,4,16,8.358300
tarefa_a_dynamic,1000000,28,4,16,8.435010
tarefa_a_dynamic,1000000,28,4,16,8.382902
tarefa_a_guided,1000000,28,4,16,8.329709
tarefa_a_guided,1000000,28,4,16,8.345884
tarefa_a_guided,1000000,28,4,16,8.450500
tarefa_a_guided,1000000,28,4,16,8.246154
tarefa_a_guided,1000000,28,4,16,8.588460
tarefa_a_dynamic,1000000,28,4,64,8.396812
tarefa_a_dynamic,1000000,28,4,64,8.343002
tarefa_a_dynamic,1000000,28,4,64,8.548768
tarefa_a_dynamic,1000000,28,4,64,8.376387
tarefa_a_dynamic,1000000,28,4,64,8.400707
tarefa_a_guided,1000000,28,4,64,8.406115
tarefa_a_guided,1000000,28,4,64,8.517780
tarefa_a_guided,1000000,28,4,64,8.394563
tarefa_a_guided,1000000,28,4,64,8.429901
tarefa_a_guided,1000000,28,4,64,8.594203
tarefa_a_static,1000000,28,8,NA,5.727013
tarefa_a_static,1000000,28,8,NA,5.729811
tarefa_a_static,1000000,28,8,NA,5.718917
tarefa_a_static,1000000,28,8,NA,5.691397
tarefa_a_static,1000000,28,8,NA,5.769501
tarefa_a_dynamic,1000000,28,8,1,5.646508
tarefa_a_dynamic,1000000,28,8,1,5.698560
tarefa_a_dynamic,1000000,28,8,1,5.685019
tarefa_a_dynamic,1000000,28,8,1,5.671992
tarefa_a_dynamic,1000000,28,8,1,5.709684
tarefa_a_guided,1000000,28,8,1,5.703965
tarefa_a_guided,1000000,28,8,1,5.647600
tarefa_a_guided,1000000,28,8,1,5.684071
tarefa_a_guided,1000000,28,8,1,5.685792
tarefa_a_guided,1000000,28,8,1,5.791935
tarefa_a_dynamic,1000000,28,8,4,5.749838
tarefa_a_dynamic,1000000,28,8,4,5.722662
tarefa_a_dynamic,1000000,28,8,4,5.671448
tarefa_a_dynamic,1000000,28,8,4,5.666158
tarefa_a_dynamic,1000000,28,8,4,5.661389
tarefa_a_guided,1000000,28,8,4,5.677916
tarefa_a_guided,1000000,28,8,4,5.697075
tarefa_a_guided,1000000,28,8,4,5.715146
tarefa_a_guided,1000000,28,8,4,5.799297
tarefa_a_guided,1000000,28,8,4,5.720226
tarefa_a_dynamic,1000000,28,8,16,5.666043
tarefa_a_dynamic,1000000,28,8,16,5.708829
tarefa_a_dynamic,1000000,28,8,16,5.701501
tarefa_a_dynamic,1000000,28,8,16,5.695529
tarefa_a_dynamic,1000000,28,8,16,5.672245
tarefa_a_guided,1000000,28,8,16,5.727487
tarefa_a_guided,1000000,28,8,16,5.747905
tarefa_a_guided,1000000,28,8,16,5.704545
tarefa_a_guided,1000000,28,8,16,5.704707
tarefa_a_guided,1000000,28,8,16,5.729752
tarefa_a_dynamic,1000000,28,8,64,5.663283
tarefa_a_dynamic,1000000,28,8,64,5.709282
tarefa_a_dynamic,1000000,28,8,64,5.725561
tarefa_a_dynamic,1000000,28,8,64,5.729501
tarefa_a_dynamic,1000000,28,8,64,5.686279
tarefa_a_guided,1000000,28,8,64,5.712077
tarefa_a_guided,1000000,28,8,64,5.672860
tarefa_a_guided,1000000,28,8,64,5.744536
tarefa_a_guided,1000000,28,8,64,5.754545
tarefa_a_guided,1000000,28,8,64,5.715944
tarefa_a_static,1000000,28,16,NA,5.328774
tarefa_a_static,1000000,28,16,NA,5.300899
tarefa_a_static,1000000,28,16,NA,5.314523
tarefa_a_static,1000000,28,16,NA,5.277266
tarefa_a_static,1000000,28,16,NA,5.415579
tarefa_a_dynamic,1000000,28,16,1,5.241163
tarefa_a_dynamic,1000000,28,16,1,5.217840
tarefa_a_dynamic,1000000,28,16,1,5.206378
tarefa_a_dynamic,1000000,28,16,1,5.199857
tarefa_a_dynamic,1000000,28,16,1,5.250073
tarefa_a_guided,1000000,28,16,1,5.345670
tarefa_a_guided,1000000,28,16,1,5.313539
tarefa_a_guided,1000000,28,16,1,5.226957
tarefa_a_guided,1000000,28,16,1,5.337759
tarefa_a_guided,1000000,28,16,1,5.204614
tarefa_a_dynamic,1000000,28,16,4,5.235400
tarefa_a_dynamic,1000000,28,16,4,5.266594
tarefa_a_dynamic,1000000,28,16,4,5.244328
tarefa_a_dynamic,1000000,28,16,4,5.200728
tarefa_a_dynamic,1000000,28,16,4,5.194231
tarefa_a_guided,1000000,28,16,4,5.387676
tarefa_a_guided,1000000,28,16,4,5.201911
tarefa_a_guided,1000000,28,16,4,5.204320
tarefa_a_guided,1000000,28,16,4,5.225461
tarefa_a_guided,1000000,28,16,4,5.359232
tarefa_a_dynamic,1000000,28,16,16,5.216769
tarefa_a_dynamic,1000000,28,16,16,5.217909
tarefa_a_dynamic,1000000,28,16,16,5.267142
tarefa_a_dynamic,1000000,28,16,16,5.267679
tarefa_a_dynamic,1000000,28,16,16,5.257444
tarefa_a_guided,1000000,28,16,16,5.237741
tarefa_a_guided,1000000,28,16,16,5.378450
tarefa_a_guided,1000000,28,16,16,5.206588
tarefa_a_guided,1000000,28,16,16,5.295303
tarefa_a_guided,1000000,28,16,16,5.294336
tarefa_a_dynamic,1000000,28,16,64,5.252669
tarefa_a_dynamic,1000000,28,16,64,5.207837
tarefa_a_dynamic,1000000,28,16,64,5.231560
tarefa_a_dynamic,1000000,28,16,64,5.211935
tarefa_a_dynamic,1000000,28,16,64,5.234421
tarefa_a_guided,1000000,28,16,64,5.321912
tarefa_a_guided,1000000,28,16,64,5.240721
tarefa_a_guided,1000000,28,16,64,5.314066
tarefa_a_guided,1000000,28,16,64,5.270453
tarefa_a_guided,1000000,28,16,64,5.238896
tarefa_c_seq,100000,NA,1,NA,0.000012
tarefa_c_seq,100000,NA,1,NA,0.000010
tarefa_c_seq,100000,NA,1,NA,0.000009
tarefa_c_seq,100000,NA,1,NA,0.000009
tarefa_c_seq,100000,NA,1,NA,0.000009
tarefa_c_simd,100000,NA,1,NA,0.000009
tarefa_c_simd,100000,NA,1,NA,0.000008
tarefa_c_simd,100000,NA,1,NA,0.000016
tarefa_c_simd,100000,NA,1,NA,0.000013
tarefa_c_simd,100000,NA,1,NA,0.000008
tarefa_c_parallel_simd,100000,NA,1,NA,0.000017
tarefa_c_parallel_simd,100000,NA,1,NA,0.000011
tarefa_c_parallel_simd,100000,NA,1,NA,0.000021
tarefa_c_parallel_simd,100000,NA,1,NA,0.000043
tarefa_c_parallel_simd,100000,NA,1,NA,0.000011
tarefa_c_parallel_simd,100000,NA,2,NA,0.000077
tarefa_c_parallel_simd,100000,NA,2,NA,0.000063
tarefa_c_parallel_simd,100000,NA,2,NA,0.000076
tarefa_c_parallel_simd,100000,NA,2,NA,0.000077
tarefa_c_parallel_simd,100000,NA,2,NA,0.000078
tarefa_c_parallel_simd,100000,NA,4,NA,0.000145
tarefa_c_parallel_simd,100000,NA,4,NA,0.000137
tarefa_c_parallel_simd,100000,NA,4,NA,0.000136
tarefa_c_parallel_simd,100000,NA,4,NA,0.000162
tarefa_c_parallel_simd,100000,NA,4,NA,0.000123
tarefa_c_parallel_simd,100000,NA,8,NA,0.003635
tarefa_c_parallel_simd,100000,NA,8,NA,0.000253
tarefa_c_parallel_simd,100000,NA,8,NA,0.000279
tarefa_c_parallel_simd,100000,NA,8,NA,0.000277
tarefa_c_parallel_simd,100000,NA,8,NA,0.000244
tarefa_c_parallel_simd,100000,NA,16,NA,0.000741
tarefa_c_parallel_simd,100000,NA,16,NA,0.000794
tarefa_c_parallel_simd,100000,NA,16,NA,0.000683
tarefa_c_parallel_simd,100000,NA,16,NA,0.000797
tarefa_c_parallel_simd,100000,NA,16,NA,0.000730
tarefa_c_seq,500000,NA,1,NA,0.000094
tarefa_c_seq,500000,NA,1,NA,0.000166
tarefa_c_seq,500000,NA,1,NA,0.000082
tarefa_c_seq,500000,NA,1,NA,0.000057
tarefa_c_seq,500000,NA,1,NA,0.000090
tarefa_c_simd,500000,NA,1,NA,0.000067
tarefa_c_simd,500000,NA,1,NA,0.000063
tarefa_c_simd,500000,NA,1,NA,0.000066
tarefa_c_simd,500000,NA,1,NA,0.000109
tarefa_c_simd,500000,NA,1,NA,0.000115
tarefa_c_parallel_simd,500000,NA,1,NA,0.000071
tarefa_c_parallel_simd,500000,NA,1,NA,0.000065
tarefa_c_parallel_simd,500000,NA,1,NA,0.000055
tarefa_c_parallel_simd,500000,NA,1,NA,0.000077
tarefa_c_parallel_simd,500000,NA,1,NA,0.000063
tarefa_c_parallel_simd,500000,NA,2,NA,0.000156
tarefa_c_parallel_simd,500000,NA,2,NA,0.000161
tarefa_c_parallel_simd,500000,NA,2,NA,0.000137
tarefa_c_parallel_simd,500000,NA,2,NA,0.000175
tarefa_c_parallel_simd,500000,NA,2,NA,0.000151
tarefa_c_parallel_simd,500000,NA,4,NA,0.000181
tarefa_c_parallel_simd,500000,NA,4,NA,0.000193
tarefa_c_parallel_simd,500000,NA,4,NA,0.000176
tarefa_c_parallel_simd,500000,NA,4,NA,0.000180
tarefa_c_parallel_simd,500000,NA,4,NA,0.000219
tarefa_c_parallel_simd,500000,NA,8,NA,0.000322
tarefa_c_parallel_simd,500000,NA,8,NA,0.000292
tarefa_c_parallel_simd,500000,NA,8,NA,0.000386
tarefa_c_parallel_simd,500000,NA,8,NA,0.000346
tarefa_c_parallel_simd,500000,NA,8,NA,0.000281
tarefa_c_parallel_simd,500000,NA,16,NA,0.000829
tarefa_c_parallel_simd,500000,NA,16,NA,0.000924
tarefa_c_parallel_simd,500000,NA,16,NA,0.000766
tarefa_c_parallel_simd,500000,NA,16,NA,0.000831
tarefa_c_parallel_simd,500000,NA,16,NA,0.000776
tarefa_c_seq,1000000,NA,1,NA,0.000266
tarefa_c_seq,1000000,NA,1,NA,0.000223
tarefa_c_seq,1000000,NA,1,NA,0.000222
tarefa_c_seq,1000000,NA,1,NA,0.000193
tarefa_c_seq,1000000,NA,1,NA,0.000167
tarefa_c_simd,1000000,NA,1,NA,0.000232
tarefa_c_simd,1000000,NA,1,NA,0.000234
tarefa_c_simd,1000000,NA,1,NA,0.000184
tarefa_c_simd,1000000,NA,1,NA,0.000407
tarefa_c_simd,1000000,NA,1,NA,0.000240
tarefa_c_parallel_simd,1000000,NA,1,NA,0.000220
tarefa_c_parallel_simd,1000000,NA,1,NA,0.000237
tarefa_c_parallel_simd,1000000,NA,1,NA,0.000221
tarefa_c_parallel_simd,1000000,NA,1,NA,0.000317
tarefa_c_parallel_simd,1000000,NA,1,NA,0.000252
tarefa_c_parallel_simd,1000000,NA,2,NA,0.000350
tarefa_c_parallel_simd,1000000,NA,2,NA,0.000286
tarefa_c_parallel_simd,1000000,NA,2,NA,0.000260
tarefa_c_parallel_simd,1000000,NA,2,NA,0.000257
tarefa_c_parallel_simd,1000000,NA,2,NA,0.000308
tarefa_c_parallel_simd,1000000,NA,4,NA,0.000517
tarefa_c_parallel_simd,1000000,NA,4,NA,0.000424
tarefa_c_parallel_simd,1000000,NA,4,NA,0.000308
tarefa_c_parallel_simd,1000000,NA,4,NA,0.000299
tarefa_c_parallel_simd,1000000,NA,4,NA,0.000262
tarefa_c_parallel_simd,1000000,NA,8,NA,0.000430
tarefa_c_parallel_simd,1000000,NA,8,NA,0.000563
tarefa_c_parallel_simd,1000000,NA,8,NA,0.000540
tarefa_c_parallel_simd,1000000,NA,8,NA,0.000496
tarefa_c_parallel_simd,1000000,NA,8,NA,0.000655
tarefa_c_parallel_simd,1000000,NA,16,NA,0.000909
tarefa_c_parallel_simd,1000000,NA,16,NA,0.000988
tarefa_c_parallel_simd,1000000,NA,16,NA,0.001025
tarefa_c_parallel_simd,1000000,NA,16,NA,0.000991
tarefa_c_parallel_simd,1000000,NA,16,NA,0.000967
tarefa_d_ingenua,100000,NA,1,NA,0.000216
tarefa_d_ingenua,100000,NA,1,NA,0.000163
tarefa_d_ingenua,100000,NA,1,NA,0.000155
tarefa_d_ingenua,100000,NA,1,NA,0.000172
tarefa_d_ingenua,100000,NA,1,NA,0.000193
tarefa_d_otimizada,100000,NA,1,NA,0.000198
tarefa_d_otimizada,100000,NA,1,NA,0.000202
tarefa_d_otimizada,100000,NA,1,NA,0.000210
tarefa_d_otimizada,100000,NA,1,NA,0.000193
tarefa_d_otimizada,100000,NA,1,NA,0.000172
tarefa_d_ingenua,100000,NA,2,NA,0.000217
tarefa_d_ingenua,100000,NA,2,NA,0.000230
tarefa_d_ingenua,100000,NA,2,NA,0.000177
tarefa_d_ingenua,100000,NA,2,NA,0.000210
tarefa_d_ingenua,100000,NA,2,NA,0.000203
tarefa_d_otimizada,100000,NA,2,NA,0.000238
tarefa_d_otimizada,100000,NA,2,NA,0.000323
tarefa_d_otimizada,100000,NA,2,NA,0.000217
tarefa_d_otimizada,100000,NA,2,NA,0.000243
tarefa_d_otimizada,100000,NA,2,NA,0.000211
tarefa_d_ingenua,100000,NA,4,NA,0.000229
tarefa_d_ingenua,100000,NA,4,NA,0.000209
tarefa_d_ingenua,100000,NA,4,NA,0.000219
tarefa_d_ingenua,100000,NA,4,NA,0.000204
tarefa_d_ingenua,100000,NA,4,NA,0.000226
tarefa_d_otimizada,100000,NA,4,NA,0.000182
tarefa_d_otimizada,100000,NA,4,NA,0.000198
tarefa_d_otimizada,100000,NA,4,NA,0.000204
tarefa_d_otimizada,100000,NA,4,NA,0.000200
tarefa_d_otimizada,100000,NA,4,NA,0.000234
tarefa_d_ingenua,100000,NA,8,NA,0.000347
tarefa_d_ingenua,100000,NA,8,NA,0.000314
tarefa_d_ingenua,100000,NA,8,NA,0.000341
tarefa_d_ingenua,100000,NA,8,NA,0.000320
tarefa_d_ingenua,100000,NA,8,NA,0.000332
tarefa_d_otimizada,100000,NA,8,NA,0.002000
tarefa_d_otimizada,100000,NA,8,NA,0.000315
tarefa_d_otimizada,100000,NA,8,NA,0.000339
tarefa_d_otimizada,100000,NA,8,NA,0.000331
tarefa_d_otimizada,100000,NA,8,NA,0.000350
tarefa_d_ingenua,100000,NA,16,NA,0.000912
tarefa_d_ingenua,100000,NA,16,NA,0.000931
tarefa_d_ingenua,100000,NA,16,NA,0.001242
tarefa_d_ingenua,100000,NA,16,NA,0.000955
tarefa_d_ingenua,100000,NA,16,NA,0.001055
tarefa_d_otimizada,100000,NA,16,NA,0.000894
tarefa_d_otimizada,100000,NA,16,NA,0.000925
tarefa_d_otimizada,100000,NA,16,NA,0.000802
tarefa_d_otimizada,100000,NA,16,NA,0.000801
tarefa_d_otimizada,100000,NA,16,NA,0.001093
tarefa_d_ingenua,500000,NA,1,NA,0.001413
tarefa_d_ingenua,500000,NA,1,NA,0.001492
tarefa_d_ingenua,500000,NA,1,NA,0.001148
tarefa_d_ingenua,500000,NA,1,NA,0.001226
tarefa_d_ingenua,500000,NA,1,NA,0.001125
tarefa_d_otimizada,500000,NA,1,NA,0.001217
tarefa_d_otimizada,500000,NA,1,NA,0.001307
tarefa_d_otimizada,500000,NA,1,NA,0.001461
tarefa_d_otimizada,500000,NA,1,NA,0.001945
tarefa_d_otimizada,500000,NA,1,NA,0.001263
tarefa_d_ingenua,500000,NA,2,NA,0.000809
tarefa_d_ingenua,500000,NA,2,NA,0.000852
tarefa_d_ingenua,500000,NA,2,NA,0.000823
tarefa_d_ingenua,500000,NA,2,NA,0.000827
tarefa_d_ingenua,500000,NA,2,NA,0.000818
tarefa_d_otimizada,500000,NA,2,NA,0.000815
tarefa_d_otimizada,500000,NA,2,NA,0.000875
tarefa_d_otimizada,500000,NA,2,NA,0.000876
tarefa_d_otimizada,500000,NA,2,NA,0.000966
tarefa_d_otimizada,500000,NA,2,NA,0.000935
tarefa_d_ingenua,500000,NA,4,NA,0.000556
tarefa_d_ingenua,500000,NA,4,NA,0.000563
tarefa_d_ingenua,500000,NA,4,NA,0.000547
tarefa_d_ingenua,500000,NA,4,NA,0.000549
tarefa_d_ingenua,500000,NA,4,NA,0.000608
tarefa_d_otimizada,500000,NA,4,NA,0.000573
tarefa_d_otimizada,500000,NA,4,NA,0.000807
tarefa_d_otimizada,500000,NA,4,NA,0.000568
tarefa_d_otimizada,500000,NA,4,NA,0.000644
tarefa_d_otimizada,500000,NA,4,NA,0.000913
tarefa_d_ingenua,500000,NA,8,NA,0.000694
tarefa_d_ingenua,500000,NA,8,NA,0.000608
tarefa_d_ingenua,500000,NA,8,NA,0.000606
tarefa_d_ingenua,500000,NA,8,NA,0.000628
tarefa_d_ingenua,500000,NA,8,NA,0.000624
tarefa_d_otimizada,500000,NA,8,NA,0.000596
tarefa_d_otimizada,500000,NA,8,NA,0.000688
tarefa_d_otimizada,500000,NA,8,NA,0.000614
tarefa_d_otimizada,500000,NA,8,NA,0.003111
tarefa_d_otimizada,500000,NA,8,NA,0.000687
tarefa_d_ingenua,500000,NA,16,NA,0.001265
tarefa_d_ingenua,500000,NA,16,NA,0.001327
tarefa_d_ingenua,500000,NA,16,NA,0.001485
tarefa_d_ingenua,500000,NA,16,NA,0.001248
tarefa_d_ingenua,500000,NA,16,NA,0.001429
tarefa_d_otimizada,500000,NA,16,NA,0.001203
tarefa_d_otimizada,500000,NA,16,NA,0.001224
tarefa_d_otimizada,500000,NA,16,NA,0.001012
tarefa_d_otimizada,500000,NA,16,NA,0.001020
tarefa_d_otimizada,500000,NA,16,NA,0.001114
tarefa_d_ingenua,1000000,NA,1,NA,0.002235
tarefa_d_ingenua,1000000,NA,1,NA,0.002989
tarefa_d_ingenua,1000000,NA,1,NA,0.003274
tarefa_d_ingenua,1000000,NA,1,NA,0.003055
tarefa_d_ingenua,1000000,NA,1,NA,0.002660
tarefa_d_otimizada,1000000,NA,1,NA,0.002426
tarefa_d_otimizada,1000000,NA,1,NA,0.002557
tarefa_d_otimizada,1000000,NA,1,NA,0.002784
tarefa_d_otimizada,1000000,NA,1,NA,0.002620
tarefa_d_otimizada,1000000,NA,1,NA,0.002486
tarefa_d_ingenua,1000000,NA,2,NA,0.001745
tarefa_d_ingenua,1000000,NA,2,NA,0.002306
tarefa_d_ingenua,1000000,NA,2,NA,0.001740
tarefa_d_ingenua,1000000,NA,2,NA,0.001511
tarefa_d_ingenua,1000000,NA,2,NA,0.001723
tarefa_d_otimizada,1000000,NA,2,NA,0.001857
tarefa_d_otimizada,1000000,NA,2,NA,0.001869
tarefa_d_otimizada,1000000,NA,2,NA,0.001553
tarefa_d_otimizada,1000000,NA,2,NA,0.002128
tarefa_d_otimizada,1000000,NA,2,NA,0.001726
tarefa_d_ingenua,1000000,NA,4,NA,0.001158
tarefa_d_ingenua,1000000,NA,4,NA,0.001251
tarefa_d_ingenua,1000000,NA,4,NA,0.001272
tarefa_d_ingenua,1000000,NA,4,NA,0.001115
tarefa_d_ingenua,1000000,NA,4,NA,0.001066
tarefa_d_otimizada,1000000,NA,4,NA,0.001057
tarefa_d_otimizada,1000000,NA,4,NA,0.001055
tarefa_d_otimizada,1000000,NA,4,NA,0.001388
tarefa_d_otimizada,1000000,NA,4,NA,0.001108
tarefa_d_otimizada,1000000,NA,4,NA,0.001073
tarefa_d_ingenua,1000000,NA,8,NA,0.001564
tarefa_d_ingenua,1000000,NA,8,NA,0.001121
tarefa_d_ingenua,1000000,NA,8,NA,0.001536
tarefa_d_ingenua,1000000,NA,8,NA,0.000969
tarefa_d_ingenua,1000000,NA,8,NA,0.000921
tarefa_d_otimizada,1000000,NA,8,NA,0.001357
tarefa_d_otimizada,1000000,NA,8,NA,0.001049
tarefa_d_otimizada,1000000,NA,8,NA,0.001024
tarefa_d_otimizada,1000000,NA,8,NA,0.001017
tarefa_d_otimizada,1000000,NA,8,NA,0.001059
tarefa_d_ingenua,1000000,NA,16,NA,0.001771
tarefa_d_ingenua,1000000,NA,16,NA,0.001848
tarefa_d_ingenua,1000000,NA,16,NA,0.001730
tarefa_d_ingenua,1000000,NA,16,NA,0.001601
tarefa_d_ingenua,1000000,NA,16,NA,0.001738
tarefa_d_otimizada,1000000,NA,16,NA,0.001582
tarefa_d_otimizada,1000000,NA,16,NA,0.001740
tarefa_d_otimizada,1000000,NA,16,NA,0.001851
tarefa_d_otimizada,1000000,NA,16,NA,0.001533
tarefa_d_otimizada,1000000,NA,16,NA,0.001642
